-- phpMyAdmin SQL Dump
-- version 4.8.4
-- https://www.phpmyadmin.net/
--
-- Servidor: localhost:3306
-- Tiempo de generación: 11-01-2019 a las 20:07:57
-- Versión del servidor: 5.7.24-0ubuntu0.18.04.1
-- Versión de PHP: 7.2.10-0ubuntu0.18.04.1

SET SQL_MODE = "NO_AUTO_VALUE_ON_ZERO";
SET AUTOCOMMIT = 0;
START TRANSACTION;
SET time_zone = "+00:00";


/*!40101 SET @OLD_CHARACTER_SET_CLIENT=@@CHARACTER_SET_CLIENT */;
/*!40101 SET @OLD_CHARACTER_SET_RESULTS=@@CHARACTER_SET_RESULTS */;
/*!40101 SET @OLD_COLLATION_CONNECTION=@@COLLATION_CONNECTION */;
/*!40101 SET NAMES utf8mb4 */;

--
-- Base de datos: `spa_real`
--

DELIMITER $$
--
-- Procedimientos
--
DROP PROCEDURE IF EXISTS `test`$$
CREATE DEFINER=`root`@`localhost` PROCEDURE `test` ()  INSERT INTO personal (nombre) VALUES ('test')$$

DELIMITER ;

-- --------------------------------------------------------

--
-- Estructura de tabla para la tabla `almacen`
--

DROP TABLE IF EXISTS `almacen`;
CREATE TABLE `almacen` (
  `id_almacen` int(11) NOT NULL,
  `id_producto` int(11) NOT NULL,
  `cantidad` int(11) NOT NULL,
  `min_stock` int(11) NOT NULL
) ENGINE=InnoDB DEFAULT CHARSET=utf8;

--
-- Volcado de datos para la tabla `almacen`
--

INSERT INTO `almacen` (`id_almacen`, `id_producto`, `cantidad`, `min_stock`) VALUES
(1, 1, 93, 100),
(2, 2, 97, 100),
(3, 3, 100, 100),
(4, 4, 100, 100),
(5, 5, 100, 100),
(6, 6, 100, 100),
(7, 7, 100, 100),
(8, 8, 100, 100),
(9, 9, 100, 100),
(10, 10, 100, 100),
(11, 11, 100, 100),
(12, 12, 100, 100),
(13, 13, 100, 100),
(14, 14, 100, 100),
(15, 15, 100, 100),
(16, 16, 100, 100),
(17, 17, 100, 100),
(18, 18, 100, 100),
(19, 19, 100, 100),
(20, 20, 100, 100),
(21, 21, 100, 100),
(22, 22, 100, 100),
(23, 23, 100, 100),
(24, 24, 100, 100),
(25, 25, 100, 100),
(26, 26, 100, 100),
(27, 27, 100, 100),
(28, 28, 100, 100),
(29, 29, 100, 100),
(30, 30, 100, 100),
(31, 31, 100, 100),
(32, 32, 100, 100),
(33, 33, 100, 100),
(34, 34, 100, 100),
(35, 35, 100, 100),
(36, 36, 100, 100),
(37, 37, 100, 100),
(38, 38, 100, 100),
(39, 39, 100, 100),
(40, 40, 100, 100),
(41, 41, 100, 100),
(42, 42, 100, 100);

-- --------------------------------------------------------

--
-- Estructura de tabla para la tabla `almacen2`
--

DROP TABLE IF EXISTS `almacen2`;
CREATE TABLE `almacen2` (
  `id_almacen` int(11) NOT NULL,
  `id_producto` int(11) NOT NULL,
  `cantidad` int(11) NOT NULL,
  `min_stock` int(11) NOT NULL
) ENGINE=InnoDB DEFAULT CHARSET=latin1;

--
-- Volcado de datos para la tabla `almacen2`
--

INSERT INTO `almacen2` (`id_almacen`, `id_producto`, `cantidad`, `min_stock`) VALUES
(1, 2, 93, 5);

-- --------------------------------------------------------

--
-- Estructura de tabla para la tabla `citas`
--

DROP TABLE IF EXISTS `citas`;
CREATE TABLE `citas` (
  `id_cita` int(11) NOT NULL,
  `inicio` varchar(50) NOT NULL,
  `fin` varchar(50) NOT NULL,
  `id_cliente` int(11) UNSIGNED ZEROFILL NOT NULL,
  `id_habitacion` int(11) NOT NULL,
  `id_masajista` int(11) NOT NULL,
  `status` int(11) NOT NULL DEFAULT '1'
) ENGINE=InnoDB DEFAULT CHARSET=latin1;

--
-- Volcado de datos para la tabla `citas`
--

INSERT INTO `citas` (`id_cita`, `inicio`, `fin`, `id_cliente`, `id_habitacion`, `id_masajista`, `status`) VALUES
(1, '2018-12-24 11:48', '2018-12-24 12:18:00', 00000000001, 2, 3, 1),
(2, '2018-12-24 11:48', '2018-12-24 12:18:00', 00000000002, 2, 4, 1),
(3, '2018-12-24 11:48', '2018-12-24 12:48:00', 00000000004, 3, 4, 1),
(4, '2018-12-24 12:03', '2018-12-24 12:33:00', 00000000337, 2, 3, 1),
(5, '2018-12-24 12:50', '2018-12-24 14:20:00', 00000000001, 4, 3, 2),
(6, '-- ', '-- 19:00:00', 00000000001, 2, 4, 1),
(7, '2018-12-24 13:07', '2018-12-24 14:07:00', 00000000001, 2, 4, 1),
(8, '2018-12-24 14:10', '2018-12-24 14:40:00', 00000000337, 2, 3, 1),
(9, '2018-12-24 15:14', '2018-12-24 15:44:00', 00000000001, 2, 3, 5),
(10, '2018-12-24 16:14', '2018-12-24 17:14:00', 00000000001, 2, 4, 5),
(11, '2019-01-02 22:25', '2019-01-02 22:55:00', 00000000001, 2, 3, 5),
(12, '2019-01-03 10:51', '2019-01-03 11:51:00', 00000000001, 2, 3, 5),
(13, '2019-01-03 14:18', '2019-01-03 14:48:00', 00000000001, 2, 3, 5),
(14, '2019-01-03 16:48', '2019-01-03 18:18:00', 00000000001, 2, 3, 5),
(15, '2019-01-04 12:30', '2019-01-04 13:30:00', 00000000001, 2, 3, 5),
(16, '2019-01-04 13:40', '2019-01-04 14:10:00', 00000000001, 2, 3, 5),
(17, '2019-01-04 21:28', '2019-01-04 22:28:00', 00000000001, 2, 3, 5),
(18, '2019-01-05 10:40', '2019-01-05 11:40:00', 00000000001, 2, 3, 5),
(19, '2019-01-07 21:23', '2019-01-07 22:23:00', 00000000004, 2, 3, 5),
(20, '2019-01-07 21:53', '2019-01-07 22:53:00', 00000000004, 2, 4, 5),
(21, '2019-01-07 21:56', '2019-01-07 22:56:00', 00000000004, 2, 3, 5),
(22, '2019-01-07 22:25', '2019-01-07 23:25:00', 00000000004, 2, 3, 5),
(23, '2019-01-07 23:02', '2019-01-07 00:02:00', 00000000004, 2, 3, 5);

-- --------------------------------------------------------

--
-- Estructura de tabla para la tabla `clientes`
--

DROP TABLE IF EXISTS `clientes`;
CREATE TABLE `clientes` (
  `id_cliente` int(11) UNSIGNED ZEROFILL NOT NULL,
  `id_ant` varchar(10) NOT NULL,
  `nombre` varchar(150) NOT NULL,
  `a_paterno` varchar(150) NOT NULL,
  `a_materno` varchar(150) NOT NULL,
  `direccion` varchar(200) NOT NULL,
  `fraccionamiento` varchar(200) NOT NULL,
  `ciudad` varchar(200) NOT NULL,
  `municipio` varchar(200) NOT NULL,
  `estado` varchar(200) NOT NULL,
  `pais` varchar(200) NOT NULL,
  `tel_f` varchar(20) NOT NULL,
  `cel_1` varchar(20) NOT NULL,
  `cel_2` varchar(20) NOT NULL,
  `tel_o` varchar(20) NOT NULL,
  `email` varchar(200) NOT NULL,
  `facebook` varchar(200) NOT NULL,
  `instagram` varchar(200) NOT NULL,
  `foto` longtext NOT NULL,
  `tipo_cliente` varchar(45) NOT NULL,
  `status` int(1) NOT NULL
) ENGINE=InnoDB DEFAULT CHARSET=utf8;

--
-- Volcado de datos para la tabla `clientes`
--

INSERT INTO `clientes` (`id_cliente`, `id_ant`, `nombre`, `a_paterno`, `a_materno`, `direccion`, `fraccionamiento`, `ciudad`, `municipio`, `estado`, `pais`, `tel_f`, `cel_1`, `cel_2`, `tel_o`, `email`, `facebook`, `instagram`, `foto`, `tipo_cliente`, `status`) VALUES
(00000000001, '100000724', 'Ana Graciela', 'Aguayo', 'Salado', '', '', '', '', '', '', '(449) 919-0725', '', '', '', '', '', '', '', 'regular', 1),
(00000000002, '100001126', 'Jessica Paola', 'Aguila', 'Mc Person', '', '', '', '', '', '', '(449) 467-0063', '', '', '', '', '', '', '', 'regular', 1),
(00000000003, '100001406', 'Cesar', 'Aguilar', 'Salas', '', '', '', '', '', '', '(449) 919-2973', '', '', '', '', '', '', '', 'regular', 1),
(00000000004, '100001087', 'Paulina', 'Aizpuru', '', '', '', '', '', '', '', '(449) 196-4387', '', '', '', '', '', '', '', 'regular', 1),
(00000000005, '100000692', 'Vania', 'Alanis', 'Tellez', '', '', '', '', '', '', '(449) 137-3571', '', '', '', '', '', '', '', 'regular', 1),
(00000000006, '100000999', 'Fernanda', 'Alcala', '', '', '', '', '', '', '', '(449) 329-4276', '', '', '', '', '', '', '', 'regular', 1),
(00000000007, '100001261', 'Maria Guadalupe', 'Aleman', '', '', '', '', '', '', '', '(449) 191-4433', '', '', '', '', '', '', '', 'regular', 1),
(00000000008, '100001365', 'Alicia', 'Aleman', 'Diaz', '', '', '', '', '', '', '(449) 156-7193', '', '', '', '', '', '', '', 'regular', 1),
(00000000009, '100001367', 'Jaqueline', 'Aleman', 'Diaz', '', '', '', '', '', '', '(449) 540-6628', '', '', '', '', '', '', '', 'regular', 1),
(00000000010, '100001366', 'Laura', 'Aleman', 'Diaz', '', '', '', '', '', '', '(449) 114-0190', '', '', '', '', '', '', '', 'regular', 1),
(00000000011, '100001364', 'Leonor', 'Aleman', 'Diaz', '', '', '', '', '', '', '(449) 120-6073', '', '', '', '', '', '', '', 'regular', 1),
(00000000012, '100001363', 'Karina', 'Aleman', 'Diaz', '', '', '', '', '', '', '(449) 211-2530', '', '', '', '', '', '', '', 'regular', 1),
(00000000013, '100001391', 'Alicia Nayeli', 'Almendariz', '', '', '', '', '', '', '', '(449) 490-7804', '', '', '', '', '', '', '', 'regular', 1),
(00000000014, 'M300079', 'Leticia', 'Alvarado', '', '', '', '', '', '', '', '(449) 186-1625', '', '', '', '', '', '', '', 'regular', 1),
(00000000015, '100001414', 'Raquel', 'Alvarado', '', '', '', '', '', '', '', '', '', '', '', '', '', '', '', 'regular', 1),
(00000000016, '100001318', 'Nora', 'Alvarez', '', '', '', '', '', '', '', '(553) 999-5941', '', '', '', '', '', '', '', 'regular', 1),
(00000000017, '100001205', 'Irina', 'Ambriz', '', '', '', '', '', '', '', '(465) 958-9004', '', '', '', '', '', '', '', 'regular', 1),
(00000000018, '100001204', 'Maria Luisa', 'Ambriz', '', '', '', '', '', '', '', '(449) 172-9322', '', '', '', '', '', '', '', 'regular', 1),
(00000000019, 'M200018', 'Gretel Eugenia', 'Arcos', 'Alvarado', '', '', '', '', '', '', '(449) 920-0111', '', '', '', '', '', '', '', 'regular', 1),
(00000000020, '100001456', 'Fernando', 'Arellano', '', '', '', '', '', '', '', '(449) 232-9523', '', '', '', '', '', '', '', 'regular', 1),
(00000000021, 'M00021', 'Marcela del Carmen', 'Arenas', 'Gomez', '', '', '', '', '', '', '(449) 386-3698', '', '', '', '', '', '', '', 'regular', 1),
(00000000022, 'M3000105', 'Valery Joan', 'Arriola', 'Velazquez', '', '', '', '', '', '', '(449) 155-7024', '', '', '', '', '', '', '', 'regular', 1),
(00000000023, '100001393', 'Marcela', 'Arroyo', '', '', '', '', '', '', '', '(449) 128-8981', '', '', '', '', '', '', '', 'regular', 1),
(00000000024, '100001051', 'Violeta', 'Arteaga', 'Guzman', '', '', '', '', '', '', '(449) 155-5681', '', '', '', '', '', '', '', 'regular', 1),
(00000000025, '100001172', 'Yuko', 'Asahina', '', '', '', '', '', '', '', '(449) 198-8164', '', '', '', '', '', '', '', 'regular', 1),
(00000000026, '100001251', 'Guadalupe', 'Aspe', '', '', '', '', '', '', '', '(449) 919-0513', '', '', '', '', '', '', '', 'regular', 1),
(00000000027, '100001034', 'Pamela', 'a?vila', 'a?lvarez', '', '', '', '', '', '', '(449) 137-7250', '', '', '', '', '', '', '', 'regular', 1),
(00000000028, '100001209', 'Martha', 'Azua', 'Esqueda', '', '', '', '', '', '', '(449) 225-8636', '', '', '', '', '', '', '', 'regular', 1),
(00000000029, 'M3000272', 'Violeta', 'Badillo', 'Del Muro', '', '', '', '', '', '', '(449) 106-6852', '', '', '', '', '', '', '', 'regular', 1),
(00000000030, '100001031', 'Veronica', 'Badillo', 'Ruiz', '', '', '', '', '', '', '(449) 205-2121', '', '', '', '', '', '', '', 'regular', 1),
(00000000031, '100001321', 'Diana Gabriela', 'Ballin', 'Castro', '', '', '', '', '', '', '(449) 908-8913', '', '', '', '', '', '', '', 'regular', 1),
(00000000032, '100001177', 'Bedsy', 'Ba?uelos', '', '', '', '', '', '', '', '(449) 172-4953', '', '', '', '', '', '', '', 'regular', 1),
(00000000033, '100001282', 'Olga', 'Ba?uelos', 'de Luna', '', '', '', '', '', '', '916-2712', '', '', '', '', '', '', '', 'regular', 1),
(00000000034, '46', 'Adriana', 'Barrera', 'Gomez', '', '', '', '', '', 'mexico', '(449) 105-0585', '', '', '', '', '', '', '', 'regular', 1),
(00000000035, '100001152', 'Lizbeth', 'Bautista', '', '', '', '', '', '', '', '(449) 103-5124', '', '', '', '', '', '', '', 'regular', 1),
(00000000036, '100001307', 'Liliana', 'Bejarano', '', '', '', '', '', '', '', '(449) 415-9920', '', '', '', '', '', '', '', 'regular', 1),
(00000000037, '4492123487', 'Veronica', 'Bernal', 'Gutierrez', '', '', '', '', '', '', '', '', '', '', '', '', '', '', 'regular', 1),
(00000000038, '100000963', 'Lupita', 'Buenrostro', 'Barba', '', '', '', '', '', '', '(449) 196-0354', '', '', '', '', '', '', '', 'regular', 1),
(00000000039, '100001447', 'Daniel', 'Calvillo', '', '', '', '', '', '', '', '(449) 387-2101', '', '', '', '', '', '', '', 'regular', 1),
(00000000040, '100001182', 'Maria', 'Camacho', 'Ramirez', '', '', '', '', '', '', '(449) 155-4023', '', '', '', '', '', '', '', 'regular', 1),
(00000000041, '100001163', 'Monsserrat', 'Campos', 'Telles', '', '', '', '', '', '', '(449) 209-2890', '', '', '', '', '', '', '', 'regular', 1),
(00000000042, 'M300093', 'Lilia', 'Campos', 'Torres', '', '', '', '', '', '', '(449) 173-3938', '', '', '', '', '', '', '', 'regular', 1),
(00000000043, '100000309', 'Claudia Talia', 'Cardona', 'Valadez', '', '', '', '', '', '', '(449) 150-0673', '', '', '', '', '', '', '', 'regular', 1),
(00000000044, '100001396', 'Mirsha Nahum', 'Cardona', 'Valadez', '', '', '', '', '', '', '(449) 464-1241', '', '', '', '', '', '', '', 'regular', 1),
(00000000045, '100001279', 'Sandra Lidia', 'Carranza', '', '', '', '', '', '', '', '(449) 148-4027', '', '', '', '', '', '', '', 'regular', 1),
(00000000046, 'M3000291', 'Beatriz', 'Casillas', 'Cornejo', '', '', '', '', '', '', '(449) 105-5999', '', '', '', '', '', '', '', 'regular', 1),
(00000000047, 'M3000234', 'Maria Fernanda', 'Casillas', 'Rodriguez', '', '', '', '', '', '', '(449) 181-8205', '', '', '', '', '', '', '', 'regular', 1),
(00000000048, '100001268', 'Patricia', 'Casta?eda', '', '', '', '', '', '', '', '(449) 494-6828', '', '', '', '', '', '', '', 'regular', 1),
(00000000049, '100001130', 'Paola Natalia', 'Casta?eda', 'Vega', '', '', '', '', '', '', '(449) 115-1219', '', '', '', '', '', '', '', 'regular', 1),
(00000000050, '100001184', 'Lizette', 'Castillo', '', '', '', '', '', '', '', '(449) 189-1729', '', '', '', '', '', '', '', 'regular', 1),
(00000000051, '100001320', 'Gabriela Alejandra', 'Castro', 'Figueroa', '', '', '', '', '', '', '(449) 894-4146', '', '', '', '', '', '', '', 'regular', 1),
(00000000052, '100001412', 'Brenda', 'Castro', 'Hernandez', '', '', '', '', '', '', '(449) 386-7927', '', '', '', '', '', '', '', 'regular', 1),
(00000000053, 'm3000210', 'Lizette', 'Cervantes', 'Ocampo', '', '', '', '', '', '', '(449) 769-8645', '', '', '', '', '', '', '', 'regular', 1),
(00000000054, '100001176', 'Lucia', 'Chavarria', 'Gonzalez', '', '', '', '', '', '', '(449) 180-9741', '', '', '', '', '', '', '', 'regular', 1),
(00000000055, '100001236', 'Romelia', 'Chavez', 'Alba', '', '', '', '', '', '', '', '', '', '', '', '', '', '', 'regular', 1),
(00000000056, '100001108', 'Delia', 'Chavez', 'Alba', '', '', '', '', '', '', '(449) 204-3047', '', '', '', '', '', '', '', 'regular', 1),
(00000000057, '100000959', 'Delia', 'Cortes', 'Escobedo', '', '', '', '', '', '', '(449) 185-6375', '', '', '', '', '', '', '', 'regular', 1),
(00000000058, '100001372', 'Flavia Hortencia', 'Cortes', 'Zavala', '', '', '', '', '', '', '(449) 137-6035', '', '', '', '', '', '', '', 'regular', 1),
(00000000059, '100000988', 'Sonia', 'Cortes', 'Zavala', '', '', '', '', '', '', '(428) 102-3593', '', '', '', '', '', '', '', 'regular', 1),
(00000000060, 'M300094', 'Laura Elena', 'Cruz', 'Loera', '', '', '', '', '', '', '(449) 895-1435', '', '', '', '', '', '', '', 'regular', 1),
(00000000061, '100001042', 'Teresa', 'Culebro', 'Garcia', '', '', '', '', '', '', '(449) 807-6922', '', '', '', '', '', '', '', 'regular', 1),
(00000000062, '100001255', 'Lourdes', 'Dagda', '', '', '', '', '', '', '', '(449) 911-5831', '', '', '', '', '', '', '', 'regular', 1),
(00000000063, '100001113', 'Roberto', 'Dalla', 'Fina', '', '', '', '', '', '', '(449) 919-1021', '', '', '', '', '', '', '', 'regular', 1),
(00000000064, 'M1000290', 'Margarita del Carmen', 'Davila', 'Romo', '', '', '', '', '', '', '(449) 242-5656', '', '', '', '', '', '', '', 'regular', 1),
(00000000065, 'M1000027', 'Margarita', 'De Anda', 'Garcia', '', '', '', '', '', '', '(449) 201-0875', '', '', '', '', '', '', '', 'regular', 1),
(00000000066, '114', 'Silvina', 'De Anda', 'Ramirez', '', '', '', '', '', '', '(449) 911-2992', '', '', '', '', '', '', '', 'regular', 1),
(00000000067, '100001220', 'Maria Luisa', 'De Anda', 'Villalobos', '', '', '', '', '', '', '(449) 273-7449', '', '', '', '', '', '', '', 'regular', 1),
(00000000068, '100001186', 'Marcela', 'De la Rosa', '', '', '', '', '', '', '', '(449) 155-9660', '', '', '', '', '', '', '', 'regular', 1),
(00000000069, 'M100039', 'Claudia', 'De Luna', 'Femat', '', '', '', '', '', '', '(449) 911-6127', '', '', '', '', '', '', '', 'regular', 1),
(00000000070, '100001334', 'Rocio', 'Del Conde', '', '', '', '', '', '', '', '(449) 203-5949', '', '', '', '', '', '', '', 'regular', 1),
(00000000071, 'M30001329', 'Ana', 'Del Conde', 'Gutierrez', '', '', '', '', '', '', '(449) 911-5856', '', '', '', '', '', '', '', 'regular', 1),
(00000000072, '100001343', 'Ana', 'Del', 'Rio', '', '', '', '', '', '', '(449) 117-9777', '', '', '', '', '', '', '', 'regular', 1),
(00000000073, '100001197', 'Clara Isabel', 'Delgado', 'Cede?o', '', '', '', '', '', '', '(449) 169-7977', '', '', '', '', '', '', '', 'regular', 1),
(00000000074, 'm3000252', 'Marisol', 'Delgado', 'Parada', '', '', '', '', '', '', '(449) 274-4936', '', '', '', '', '', '', '', 'regular', 1),
(00000000075, '100001202', 'Paulina', 'Diaz', '', '', '', '', '', '', '', '(449) 104-0116', '', '', '', '', '', '', '', 'regular', 1),
(00000000076, 'M300001', 'Veronica', 'Diaz', '', '', '', '', '', '', '', '(449) 196-3394', '', '', '', '', '', '', '', 'regular', 1),
(00000000077, '100001312', 'Irma', 'Diaz de Leon', '', '', '', '', '', '', '', '(449) 203-2955', '', '', '', '', '', '', '', 'regular', 1),
(00000000078, '100001354', 'Judith', 'Diaz', 'Gutierrez', '', '', '', '', '', '', '(449) 111-3273', '', '', '', '', '', '', '', 'regular', 1),
(00000000079, 'M100015', 'Alma Edith', 'Diaz Leon', 'Esqueda', '', '', '', '', '', '', '(449) 903-1104', '', '', '', '', '', '', '', 'regular', 1),
(00000000080, 'M00960', 'Claudia Marcela', 'Diaz', 'Macias', '', '', '', '', '', '', '(449) 211-0377', '', '', '', '', '', '', '', 'regular', 1),
(00000000081, '100001046', 'Teresa', 'Diaz', 'Medina', '', '', '', '', '', '', '(449) 769-6715', '', '', '', '', '', '', '', 'regular', 1),
(00000000082, '100001056', 'Susana', 'Diaz', 'Valdez', '', '', '', '', '', '', '(449) 230-1694', '', '', '', '', '', '', '', 'regular', 1),
(00000000083, '100001102', 'Claudia Araceli', 'Dominguez', 'Hernandez', '', '', '', '', '', '', '(449) 212-8877', '', '', '', '', '', '', '', 'regular', 1),
(00000000084, '100001375', 'Mayra Teresa', 'Duran', 'Acosta', '', '', '', '', '', '', '(378) 115-6987', '', '', '', '', '', '', '', 'regular', 1),
(00000000085, '100000945', 'Iliana Paulina', 'Duran', 'Medel', '', '', '', '', '', '', '(449) 275-4749', '', '', '', '', '', '', '', 'regular', 1),
(00000000086, '100000979', 'Monica', 'Duron', 'Garcia', '', '', '', '', '', '', '(449) 210-9243', '', '', '', '', '', '', '', 'regular', 1),
(00000000087, '100001287', 'Norma', 'Escobedo', 'Casta?eda', '', '', '', '', '', '', '(449) 555-7558', '', '', '', '', '', '', '', 'regular', 1),
(00000000088, '100000995', 'Maria del Carmen', 'Esparza', 'Mu?oz', '', '', '', '', '', '', '(449) 150-6627', '', '', '', '', '', '', '', 'regular', 1),
(00000000089, 'M3000250', 'Nataly', 'Esparza', 'Murillo', '', '', '', '', '', '', '(449) 448-7514', '', '', '', '', '', '', '', 'regular', 1),
(00000000090, '100000361', 'Marucy', 'Feregrino', '', '', '', '', '', '', '', '', '', '', '', '', '', '', '', 'regular', 1),
(00000000091, '100000000', 'Fernando', 'Fernandez', 'Perez', '', '', '', '', '', '', '(449) 140-7435', '', '', '', '', '', '', '', 'regular', 1),
(00000000092, '100001362', 'Maria de la Luz', 'Flores', '', '', '', '', '', '', '', '(909) 247-5742', '', '', '', '', '', '', '', 'regular', 1),
(00000000093, '100001214', 'Maribel', 'Flores', '', '', '', '', '', '', '', '(449) 210-8884', '', '', '', '', '', '', '', 'regular', 1),
(00000000094, '100001086', 'Arisbeth', 'Flores', 'Mu?oz', '', '', '', '', '', '', '(449) 222-9047', '', '', '', '', '', '', '', 'regular', 1),
(00000000095, '100001049', 'Mayra', 'Flores', 'Mu?oz', '', '', '', '', '', '', '(449) 196-9261', '', '', '', '', '', '', '', 'regular', 1),
(00000000096, 'M3000122', 'Adriana de Fatima', 'Flores', 'Obregon', '', '', '', '', '', '', '(449) 415-7789', '', '', '', '', '', '', '', 'regular', 1),
(00000000097, '100001173', 'Paulina Andrea', 'Flores', 'Perez', '', '', '', '', '', '', '(449) 112-4520', '', '', '', '', '', '', '', 'regular', 1),
(00000000098, '100001410', 'Karla', 'Franco', '', '', '', '', '', '', '', '(449) 112-6500', '', '', '', '', '', '', '', 'regular', 1),
(00000000099, 'M300056', 'Beatriz Alejandra', 'Franco', 'Cansino', '', '', '', '', '', '', '(449) 448-1170', '', '', '', '', '', '', '', 'regular', 1),
(00000000100, 'M300150', 'Nancy', 'Franco', 'Perez', '', '', '', '', '', '', '(449) 553-5452', '', '', '', '', '', '', '', 'regular', 1),
(00000000101, '100001052', 'Ana Isabel', 'Frausto', '', '', '', '', '', '', '', '(449) 186-8058', '', '', '', '', '', '', '', 'regular', 1),
(00000000102, '100001446', 'Arlet', 'Frias', '', '', '', '', '', '', '', '(415) 100-2602', '', '', '', '', '', '', '', 'regular', 1),
(00000000103, '100001155', 'Nancy', 'Galarza', '', '', '', '', '', '', '', '(449) 170-5907', '', '', '', '', '', '', '', 'regular', 1),
(00000000104, '100000983', 'Tere', 'Gallardo', '', '', '', '', '', '', '', '(449) 355-6118', '', '', '', '', '', '', '', 'regular', 1),
(00000000105, '100001207', 'Martha Elena', 'Gallegos', 'Serna', '', '', '', '', '', '', '(465) 108-4669', '', '', '', '', '', '', '', 'regular', 1),
(00000000106, '100000964', 'Maria Guadalupe', 'Galvan', 'Guitron', '', '', '', '', '', '', '(449) 415-9725', '', '', '', '', '', '', '', 'regular', 1),
(00000000107, '100001339', 'Deissy', 'Garcia', '', '', '', '', '', '', '', '(449) 155-6622', '', '', '', '', '', '', '', 'regular', 1),
(00000000108, '100001235', 'Sergio', 'Garcia', '', '', '', '', '', '', '', '(449) 448-7945', '', '', '', '', '', '', '', 'regular', 1),
(00000000109, '100001400', 'Dalia', 'Garcia', '', '', '', '', '', '', '', '(777) 210-1294', '', '', '', '', '', '', '', 'regular', 1),
(00000000110, '100001426', 'Esperanza', 'Garcia', '', '', '', '', '', '', '', '(332) 536-7512', '', '', '', '', '', '', '', 'regular', 1),
(00000000111, '100001448', 'Guadalupe', 'Garcia', '', '', '', '', '', '', '', '(449) 259-4941', '', '', '', '', '', '', '', 'regular', 1),
(00000000112, '100001013', 'Marisa', 'Garcia', 'Reyes', '', '', '', '', '', '', '(449) 895-3005', '', '', '', '', '', '', '', 'regular', 1),
(00000000113, '100001394', 'Lizbeth', 'Garcia', 'Vasquez', '', '', '', '', '', '', '(465) 126-4760', '', '', '', '', '', '', '', 'regular', 1),
(00000000114, '100001288', 'Veronica Zarahi', 'Gomez', 'Escobedo', '', '', '', '', '', '', '(449) 386-0229', '', '', '', '', '', '', '', 'regular', 1),
(00000000115, 'M100091', 'Barbara Leticia', 'Gomez', 'Ure?a', '', '', '', '', '', '', '(449) 894-8344', '', '', '', '', '', '', '', 'regular', 1),
(00000000116, '100001196', 'Mayte', 'Gonzalez', '', '', '', '', '', '', '', '44391950304', '', '', '', '', '', '', '', 'regular', 1),
(00000000117, '100000986', 'Estrella', 'Gonzalez', 'a?lvarez', '', '', '', '', '', '', '(449) 111-1798', '', '', '', '', '', '', '', 'regular', 1),
(00000000118, '100001080', 'Pedro', 'Gonzalez', 'Barba', '', '', '', '', '', '', '(449) 111-7341', '', '', '', '', '', '', '', 'regular', 1),
(00000000119, 'M300067', 'Lorena', 'Gonzalez', 'Casillas', '', '', '', '', '', '', '(449) 115-0783', '', '', '', '', '', '', '', 'regular', 1),
(00000000120, '100001443', 'Cristina Yurip', 'GONZALEZ', 'de Alba', '', '', '', '', '', '', '(449) 142-8650', '', '', '', '', '', '', '', 'regular', 1),
(00000000121, '100000721', 'Graciela', 'Gonzalez', 'Del Villar', '', '', '', '', '', '', '(449) 448-7297', '', '', '', '', '', '', '', 'regular', 1),
(00000000122, '100001066', 'Nadia Yadira', 'Gonzalez', 'Escobedo', '', '', '', '', '', '', '(437) 103-7539', '', '', '', '', '', '', '', 'regular', 1),
(00000000123, '50', 'Bertha', 'Gonzalez', 'Guzman', '', '', '', '', '', '', '(449) 117-6988', '', '', '', '', '', '', '', 'regular', 1),
(00000000124, '100000088', 'Diana Laura', 'Gonzalez', 'Perez', '', '', '', '', '', '', '(449) 386-7338', '', '', '', '', '', '', '', 'regular', 1),
(00000000125, '100001416', 'Daniela', 'Gonzalez', 'Sanchez', '', '', '', '', '', '', '(449) 211-4419', '', '', '', '', '', '', '', 'regular', 1),
(00000000126, '100001055', 'Hilda', 'Gonzalez', 'Sanchez', '', '', '', '', '', '', '(449) 441-8195', '', '', '', '', '', '', '', 'regular', 1),
(00000000127, '100000974', 'Maria Eugenia', 'Gonzalez', 'Valencia', '', '', '', '', '', '', '(449) 329-0816', '', '', '', '', '', '', '', 'regular', 1),
(00000000128, '231', 'Ana Maria', 'Grijalva', 'Zozaya', '', '', '', '', '', '', '(645) 110-7597', '', '', '', '', '', '', '', 'regular', 1),
(00000000129, '100001229', 'Lizbeth', 'Gutierrez', '', '', '', '', '', '', '', '(449) 142-5116', '', '', '', '', '', '', '', 'regular', 1),
(00000000130, '100001345', 'Rocio', 'Gutierrez', '', '', '', '', '', '', '', '(449) 106-7890', '', '', '', '', '', '', '', 'regular', 1),
(00000000131, 'M3000074', 'Maria Gabriela', 'Guzman', 'Cuellar', '', '', '', '', '', '', '(449) 121-5253', '', '', '', '', '', '', '', 'regular', 1),
(00000000132, '100000463', 'Yadira Odette', 'Guzman', 'Garcia', '', '', '', '', '', '', '(331) 536-7851', '', '', '', '', '', '', '', 'regular', 1),
(00000000133, '100000683', 'Yuki Mariana', 'Hashimoto', 'Vargas', '', '', '', '', '', '', '(449) 260-6261', '', '', '', '', '', '', '', 'regular', 1),
(00000000134, '100000898', 'Edmundo', 'Hernandez', 'Diaz', '', '', '', '', '', '', '(494) 943-2797', '', '', '', '', '', '', '', 'regular', 1),
(00000000135, 'M3000120', 'Martha', 'Herrera', 'Ibarra', '', '', '', '', '', '', '(449) 104-0864', '', '', '', '', '', '', '', 'regular', 1),
(00000000136, '100000900', 'Maricela', 'Herrera', 'Lopez Olivera', '', '', '', '', '', '', '(449) 181-2259', '', '', '', '', '', '', '', 'regular', 1),
(00000000137, '100000801', 'Isai Idalia', 'Herrera', 'Nava', '', '', '', '', '', '', '(449) 173-3305', '', '', '', '', '', '', '', 'regular', 1),
(00000000138, 'M3000143', 'Hortencia', 'Herrera', 'Romo', '', '', '', '', '', '', '(449) 150-8044', '', '', '', '', '', '', '', 'regular', 1),
(00000000139, '100001137', 'Luz Elena', 'Ibarra', '', '', '', '', '', '', '', '(496) 123-4237', '', '', '', '', '', '', '', 'regular', 1),
(00000000140, '100001011', 'Cesar', 'Jaime', 'Jimenez', '', '', '', '', '', '', '(449) 805-2838', '', '', '', '', '', '', '', 'regular', 1),
(00000000141, '100001425', 'Judith', 'Jauregui', '', '', '', '', '', '', '', '(449) 990-5799', '', '', '', '', '', '', '', 'regular', 1),
(00000000142, '100001181', 'Maria Fernanda', 'Jimenez', '', '', '', '', '', '', '', '(449) 329-7565', '', '', '', '', '', '', '', 'regular', 1),
(00000000143, '100001350', 'Nancy', 'Jimenez', '', '', '', '', '', '', '', '(449) 102-9541', '', '', '', '', '', '', '', 'regular', 1),
(00000000144, '100001091', 'Astrid', 'Jimenez', 'Casas', '', '', '', '', '', '', '(449) 555-9728', '', '', '', '', '', '', '', 'regular', 1),
(00000000145, '100001132', 'Daniela', 'Jimenez', 'Casas', '', '', '', '', '', '', '(449) 894-9834', '', '', '', '', '', '', '', 'regular', 1),
(00000000146, '100000774', 'Mauricio', 'Jimenez', 'Corona', '', '', '', '', '', '', '', '', '', '', '', '', '', '', 'regular', 1),
(00000000147, '100001040', 'Luisa', 'Jimenez', 'de Anda', '', '', '', '', '', '', '(449) 118-3768', '', '', '', '', '', '', '', 'regular', 1),
(00000000148, '100001323', 'Fernanda', 'Jimenez', 'Nava', '', '', '', '', '', '', '(449) 329-7565', '', '', '', '', '', '', '', 'regular', 1),
(00000000149, '100001305', 'Claudia', 'Juarez', 'Varela', '', '', '', '', '', '', '(449) 213-9711', '', '', '', '', '', '', '', 'regular', 1),
(00000000150, '100001072', 'Brenda', 'Kelly', 'Garcia', '', '', '', '', '', '', '(555) 506-8300', '', '', '', '', '', '', '', 'regular', 1),
(00000000151, '100001203', 'Maria', 'Knight', '', '', '', '', '', '', '', '(449) 178-1919', '', '', '', '', '', '', '', 'regular', 1),
(00000000152, '100001440', 'Ivonne', 'Laredo', 'Guzman', '', '', '', '', '', '', '(449) 911-1338', '', '', '', '', '', '', '', 'regular', 1),
(00000000153, '100001409', 'Lorenza', 'Larios', '', '', '', '', '', '', '', '(553) 262-9923', '', '', '', '', '', '', '', 'regular', 1),
(00000000154, '100001226', 'Maria Antonieta', 'Lechuga', 'Martinez', '', '', '', '', '', '', '(449) 106-8056', '', '', '', '', '', '', '', 'regular', 1),
(00000000155, '100001371', 'Jdith', 'Leos', 'Gonzalez', '', '', '', '', '', '', '(449) 414-7546', '', '', '', '', '', '', '', 'regular', 1),
(00000000156, '100000719', 'Marisol', 'Linares', 'Chavez', '', '', '', '', '', '', '(331) 601-4609', '', '', '', '', '', '', '', 'regular', 1),
(00000000157, '100000843', 'Ana Itzel', 'Lomeli', 'Balderas', '', '', '', '', '', '', '(449) 254-1419', '', '', '', '', '', '', '', 'regular', 1),
(00000000158, 'M100061', 'Ana Karen', 'Lomeli', 'Balderas', '', '', '', '', '', '', '(449) 197-8470', '', '', '', '', '', '', '', 'regular', 1),
(00000000159, '100001417', 'Maria de Guadalupe', 'Lomelin', '', '', '', '', '', '', '', '(449) 463-0669', '', '', '', '', '', '', '', 'regular', 1),
(00000000160, '100001085', 'Maria Fernanda', 'Loo', 'Guoipuiante', '', '', '', '', '', '', '(449) 196-1083', '', '', '', '', '', '', '', 'regular', 1),
(00000000161, '100001442', 'Eduardo', 'Lopez', '', '', '', '', '', '', '', '(449) 433-4680', '', '', '', '', '', '', '', 'regular', 1),
(00000000162, '100001212', 'Veronica', 'Lopez', '', '', '', '', '', '', '', '(449) 121-0004', '', '', '', '', '', '', '', 'regular', 1),
(00000000163, '100001259', 'Daniel', 'Lopez', 'Acosta', '', '', '', '', '', '', '(495) 965-8087', '', '', '', '', '', '', '', 'regular', 1),
(00000000164, 'M100083', 'Maria Elena', 'Lopez', 'Casta?eda', '', '', '', '', '', '', '(449) 111-2386', '', '', '', '', '', '', '', 'regular', 1),
(00000000165, '100001060', 'Josant', 'Lopez', 'Lara', '', '', '', '', '', '', '(449) 122-1578', '', '', '', '', '', '', '', 'regular', 1),
(00000000166, '100001349', 'Lidia Maria ', 'Lopez', 'Plascencia', '', '', '', '', '', '', '(449) 178-7758', '', '', '', '', '', '', '', 'regular', 1),
(00000000167, '100000643', 'Maricruz', 'Lopez', 'Trinidad', '', '', '', '', '', '', '(495) 107-6276', '', '', '', '', '', '', '', 'regular', 1),
(00000000168, '100001161', 'Alejandra Maria', 'Loreto', 'Cabildo', '', '', '', '', '', '', '(449) 112-4678', '', '', '', '', '', '', '', 'regular', 1),
(00000000169, '100001309', 'Karla Monserrat', 'Lozano', 'Esparza', '', '', '', '', '', '', '(449) 211-6467', '', '', '', '', '', '', '', 'regular', 1),
(00000000170, '100001431', 'Mitzi', 'Luevano', 'Arenas', '', '', '', '', '', '', '(492) 869-8883', '', '', '', '', '', '', '', 'regular', 1),
(00000000171, '100001114', 'Norma Angelica', 'Lugo', 'Sanchez', '', '', '', '', '', '', '(222) 758-2004', '', '', '', '', '', '', '', 'regular', 1),
(00000000172, '100001435', 'Israel', 'Macias', '', '', '', '', '', '', '', '(415) 100-2602', '', '', '', '', '', '', '', 'regular', 1),
(00000000173, '100001147', 'Luz del Carmen', 'Macias', '', '', '', '', '', '', '', '(449) 113-6526', '', '', '', '', '', '', '', 'regular', 1),
(00000000174, '100001138', 'Lilia Janeth', 'Macias', 'Lopez', '', '', '', '', '', '', '(449) 223-1716', '', '', '', '', '', '', '', 'regular', 1),
(00000000175, '100001314', 'Brenda', 'Macias', 'Rodriguez', '', '', '', '', '', '', '(449) 203-6380', '', '', '', '', '', '', '', 'regular', 1),
(00000000176, '100000883', 'Marta', 'Madej', '', '', '', '', '', '', '', '(449) 911-0375', '', '', '', '', '', '', '', 'regular', 1),
(00000000177, '100000989', 'Elvia Alejandra', 'Maldonado', 'Herrera', '', '', '', '', '', '', '(449) 137-4759', '', '', '', '', '', '', '', 'regular', 1),
(00000000178, 'M300084', 'Rebeca Eugenia', 'Maldonado', 'Herrera', '', '', '', '', '', '', '(449) 102-4257', '', '', '', '', '', '', '', 'regular', 1),
(00000000179, '100001062', 'Eliza', 'Maldonado', 'Ponce', '', '', '', '', '', '', '(449) 260-4081', '', '', '', '', '', '', '', 'regular', 1),
(00000000180, 'M3000092', 'Karla Daniela', 'Marin', 'Olivares', '', '', '', '', '', '', '(449) 224-7217', '', '', '', '', '', '', '', 'regular', 1),
(00000000181, '100001385', 'Paula Georgina', 'Martin', 'de Anda', '', '', '', '', '', '', '(449) 111-0984', '', '', '', '', '', '', '', 'regular', 1),
(00000000182, '100001280', 'Haydee', 'Martinez', '', '', '', '', '', '', '', '(449) 188-4129', '', '', '', '', '', '', '', 'regular', 1),
(00000000183, '100000603', 'Fernanda', 'Martinez', '', '', '', '', '', '', '', '(449) 911-4028', '', '', '', '', '', '', '', 'regular', 1),
(00000000184, 'M3000107', 'Laura Victoria', 'Martinez', 'Diaz', '', '', '', '', '', '', '(449) 911-3853', '', '', '', '', '', '', '', 'regular', 1),
(00000000185, '100001360', 'Angeles', 'Martinez', 'Frausto', '', '', '', '', '', '', '(449) 804-0232', '', '', '', '', '', '', '', 'regular', 1),
(00000000186, 'M308283', 'Nora Patricia', 'Martinez', 'Guerra', '', '', '', '', '', '', '(449) 206-1350', '', '', '', '', '', '', '', 'regular', 1),
(00000000187, '100000827', 'Mariel', 'Martinez', 'Reyes', '', '', '', '', '', '', '(449) 414-1923', '', '', '', '', '', '', '', 'regular', 1),
(00000000188, '100001421', 'Elena', 'Mata', 'Torres', '', '', '', '', '', '', '(449) 448-3568', '', '', '', '', '', '', '', 'regular', 1),
(00000000189, 'M300285', 'Cecilia', 'Medina', 'Quintanilla', '', '', '', '', '', '', '(465) 104-9670', '', '', '', '', '', '', '', 'regular', 1),
(00000000190, '100000910', 'Stephania', 'Medina', 'Quintanilla', '', '', '', '', '', '', '(465) 109-4728', '', '', '', '', '', '', '', 'regular', 1),
(00000000191, '100001002', 'Karla Yolanda', 'Medina', 'Ramirez', '', '', '', '', '', '', '(449) 155-9402', '', '', '', '', '', '', '', 'regular', 1),
(00000000192, '100001145', 'Maria Guadalupe', 'Medrano', 'Ibarra', '', '', '', '', '', '', '(449) 928-0561', '', '', '', '', '', '', '', 'regular', 1),
(00000000193, '100000144', 'Isabel', 'Medrano', 'Lopez', '', '', '', '', '', '', '(449) 155-2994', '', '', '', '', '', '', '', 'regular', 1),
(00000000194, '100001328', 'Isabel', 'Melendez', 'Portugal', '', '', '', '', '', '', '(449) 205-2321', '', '', '', '', '', '', '', 'regular', 1),
(00000000195, '100001129', 'Laura', 'Mena', '', '', '', '', '', '', '', '(554) 050-9418', '', '', '', '', '', '', '', 'regular', 1),
(00000000196, 'M300276', 'Luz Maria', 'Mendez', 'Segura', '', '', '', '', '', '', '(449) 205-4322', '', '', '', '', '', '', '', 'regular', 1),
(00000000197, '100001141', 'Sandra', 'Mendoza', '', '', '', '', '', '', '', '(458) 108-0038', '', '', '', '', '', '', '', 'regular', 1),
(00000000198, '100001438', 'Elizabeth', 'Mendoza', 'Garcia', '', '', '', '', '', '', '(449) 448-6237', '', '', '', '', '', '', '', 'regular', 1),
(00000000199, '100001459', 'Ana', 'Miranda', '', '', '', '', '', '', '', '', '', '', '', '', '', '', '', 'regular', 1),
(00000000200, '100001231', 'Noemi', 'Monta?ez', 'Mares', '', '', '', '', '', '', '(449) 289-9941', '', '', '', '', '', '', '', 'regular', 1),
(00000000201, 'M3000263', 'Brenda Marisol', 'Monta?ez', 'Saucedo', '', '', '', '', '', '', '(449) 272-0945', '', '', '', '', '', '', '', 'regular', 1),
(00000000202, '100001096', 'Cristina', 'Mora', 'Martinez', '', '', '', '', '', '', '(449) 461-5697', '', '', '', '', '', '', '', 'regular', 1),
(00000000203, '100001331', 'Carlos Enrique', 'Morales', 'Ayala', '', '', '', '', '', '', '(449) 806-8880', '', '', '', '', '', '', '', 'regular', 1),
(00000000204, '100001389', 'Mariana', 'Morales', 'Lomelin', '', '', '', '', '', '', '(449) 920-0635', '', '', '', '', '', '', '', 'regular', 1),
(00000000205, '100001386', 'Blanca', 'Moreno', '', '', '', '', '', '', '', '(449) 123-7993', '', '', '', '', '', '', '', 'regular', 1),
(00000000206, '100001198', 'Saul', 'Mu?oz', '', '', '', '', '', '', '', '(395) 100-3484', '', '', '', '', '', '', '', 'regular', 1),
(00000000207, '100001361', 'Flor del Carmen', 'Mu?oz', 'Esquivel', '', '', '', '', '', '', '(449) 264-9172', '', '', '', '', '', '', '', 'regular', 1),
(00000000208, '100001015', 'Elda', 'Mu?oz', 'Flores', '', '', '', '', '', '', '(449) 413-9956', '', '', '', '', '', '', '', 'regular', 1),
(00000000209, '100001415', 'Maria Guadalupe', 'Mu?oz', 'Gonzalez', '', '', '', '', '', '', '(449) 804-0261', '', '', '', '', '', '', '', 'regular', 1),
(00000000210, '100001228', 'Cesar Eduardo', 'Mu?oz', 'I?iguez', '', '', '', '', '', '', '(449) 105-3785', '', '', '', '', '', '', '', 'regular', 1),
(00000000211, '100001037', 'Maria Elena Elizabeth', 'Mu?oz', 'I?iguez', '', '', '', '', '', '', '(449) 110-4984', '', '', '', '', '', '', '', 'regular', 1),
(00000000212, '100000283', 'Maria de la Soledad', 'Mu?oz', 'Jimenez', '', '', '', '', '', '', '(449) 104-7418', '', '', '', '', '', '', '', 'regular', 1),
(00000000213, '391', 'Mariana', 'Mu?oz', 'Jimenez', '', '', '', '', '', '', '(449) 104-0116', '', '', '', '', '', '', '', 'regular', 1),
(00000000214, '390', 'Maricela', 'Mu?oz', 'Jimenez', '', '', '', '', '', '', '(449) 129-3419', '', '', '', '', '', '', '', 'regular', 1),
(00000000215, '100001275', 'Maria Jose', 'Mu?oz', 'Orgambide', '', '', '', '', '', '', '', '', '', '', '', '', '', '', 'regular', 1),
(00000000216, '100001408', 'Maria del Carmen', 'Mu?oz', 'Perez', '', '', '', '', '', '', '(449) 220-3006', '', '', '', '', '', '', '', 'regular', 1),
(00000000217, '100001032', 'Araceli', 'Mu?oz', 'Perez', '', '', '', '', '', '', '(346) 713-1626', '', '', '', '', '', '', '', 'regular', 1),
(00000000218, '100000993', 'Gabriela', 'Name', 'Casillas', '', '', '', '', '', '', '(449) 106-6808', '', '', '', '', '', '', '', 'regular', 1),
(00000000219, 'M300269', 'Isabel', 'Name', 'Casillas', '', '', '', '', '', '', '(449) 144-0373', '', '', '', '', '', '', '', 'regular', 1),
(00000000220, '100001454', 'Alan', 'Navarrete', '', '', '', '', '', '', '', '(449) 428-7285', '', '', '', '', '', '', '', 'regular', 1),
(00000000221, '100000746', 'Jacqueline', 'Navarrete', 'Alfaro', '', '', '', '', '', '', '(449) 448-1858', '', '', '', '', '', '', '', 'regular', 1),
(00000000222, '100001185', 'Patricia', 'Navarro', '', '', '', '', '', '', '', '(449) 298-8554', '', '', '', '', '', '', '', 'regular', 1),
(00000000223, '100001100', 'Catalina', 'Navarro', 'Fierro', '', '', '', '', '', '', '(555) 409-0239', '', '', '', '', '', '', '', 'regular', 1),
(00000000224, '100000984', 'Maria Guadalupe', 'Navarro', 'Rangel', '', '', '', '', '', '', '(449) 201-8265', '', '', '', '', '', '', '', 'regular', 1),
(00000000225, '100001419', 'Lisete Sarai', 'Nieto', '', '', '', '', '', '', '', '(449) 433-7555', '', '', '', '', '', '', '', 'regular', 1),
(00000000226, '100001407', 'Eugenia', 'Nu?ez', '', '', '', '', '', '', '', '', '', '', '', '', '', '', '', 'regular', 1),
(00000000227, '100001039', 'Yaneth', 'Ochoa', '', '', '', '', '', '', '', '(449) 919-6301', '', '', '', '', '', '', '', 'regular', 1),
(00000000228, 'M100018', 'Adriana', 'Ochoa', 'Diaz', '', '', '', '', '', '', '(449) 919-6300', '', '', '', '', '', '', '', 'regular', 1),
(00000000229, '100000482', 'Ana Alejandrina', 'Ochoa', 'Diaz', '', '', '', '', '', '', '(465) 104-9417', '', '', '', '', '', '', '', 'regular', 1),
(00000000230, '100001094', 'Karla', 'Ogaz', '', '', '', '', '', '', '', '(449) 150-7498', '', '', '', '', '', '', '', 'regular', 1),
(00000000231, '100001019', 'Mary Carmen', 'Ojeda', '', '', '', '', '', '', '', '(449) 173-8801', '', '', '', '', '', '', '', 'regular', 1),
(00000000232, '100001007', 'Marcela', 'Olguin', 'Lopez', '', '', '', '', '', '', '(449) 227-1333', '', '', '', '', '', '', '', 'regular', 1),
(00000000233, '100000638', 'Tania', 'Orozco', 'Rabago', '', '', '', '', '', '', '(449) 769-8342', '', '', '', '', '', '', '', 'regular', 1),
(00000000234, '100001358', 'Vanessa Pamela', 'Ortega', 'Reyes', '', '', '', '', '', '', '(449) 261-9515', '', '', '', '', '', '', '', 'regular', 1),
(00000000235, '100001388', 'America', 'Ortiz', 'del Bosque', '', '', '', '', '', '', '(449) 142-7403', '', '', '', '', '', '', '', 'regular', 1),
(00000000236, '100000985', 'Griselda', 'Palacios', 'Diaz', '', '', '', '', '', '', '(449) 548-5966', '', '', '', '', '', '', '', 'regular', 1),
(00000000237, '100001403', 'Carla', 'Pereira', '', '', '', '', '', '', '', '(449) 911-7837', '', '', '', '', '', '', '', 'regular', 1),
(00000000238, '100001387', 'Fatima', 'Pereira', 'a?lvarez', '', '', '', '', '', '', '(449) 911-7837', '', '', '', '', '', '', '', 'regular', 1),
(00000000239, '100001127', 'Carolina', 'Perez', '', '', '', '', '', '', '', '(449) 412-2961', '', '', '', '', '', '', '', 'regular', 1),
(00000000240, '431', 'Patricia', 'Perez', 'Barba', '', '', '', '', '', '', '(449) 242-5018', '', '', '', '', '', '', '', 'regular', 1),
(00000000241, 'M300278', 'Yessica Janet', 'Perez', 'Carrion', '', '', '', '', '', '', '(449) 804-0083', '', '', '', '', '', '', '', 'regular', 1),
(00000000242, '100001245', 'Ximena', 'Perez', 'Maldonado', '', '', '', '', '', '', '(449) 227-6727', '', '', '', '', '', '', '', 'regular', 1),
(00000000243, '100000991', 'Maria Belinda', 'Perez', 'Martinez', '', '', '', '', '', '', '(449) 980-0976', '', '', '', '', '', '', '', 'regular', 1),
(00000000244, '100001276', 'Esmeralda', 'Perez', 'Ruiz', '', '', '', '', '', '', '(449) 107-3913', '', '', '', '', '', '', '', 'regular', 1),
(00000000245, 'M30000000', 'Maria de Guadalupe', 'Pi?a', 'del Bosque', '', '', '', '', '', '', '(449) 496-4268', '', '', '', '', '', '', '', 'regular', 1),
(00000000246, '100000628', 'Maria Gabriela', 'Pi?a', 'Guzman', '', '', '', '', '', '', '(449) 172-3290', '', '', '', '', '', '', '', 'regular', 1),
(00000000247, '100001395', 'Mercedes', 'Ponce', 'Tejada', '', '', '', '', '', '', '(449) 101-5089', '', '', '', '', '', '', '', 'regular', 1),
(00000000248, '100001306', 'Teresa', 'Portillo', '', '', '', '', '', '', '', '(449) 120-4932', '', '', '', '', '', '', '', 'regular', 1),
(00000000249, 'M100198', 'Susana', 'Prieto', 'Sierra', '', '', '', '', '', '', '(449) 111-3682', '', '', '', '', '', '', '', 'regular', 1),
(00000000250, '100001374', 'Maria Jose', 'Quezada', '', '', '', '', '', '', '', '(449) 549-0408', '', '', '', '', '', '', '', 'regular', 1),
(00000000251, '100001291', 'Veronica', 'Quezada', '', '', '', '', '', '', '', '(449) 128-3150', '', '', '', '', '', '', '', 'regular', 1),
(00000000252, '100001452', 'Patricia', 'Ramirez', '', '', '', '', '', '', '', '(449) 147-5744', '', '', '', '', '', '', '', 'regular', 1),
(00000000253, '100001397', 'Pilar', 'Ramirez', '', '', '', '', '', '', '', '(449) 112-7318', '', '', '', '', '', '', '', 'regular', 1),
(00000000254, '100001352', 'Ricardo', 'Ramirez', '', '', '', '', '', '', '', '(449) 867-5097', '', '', '', '', '', '', '', 'regular', 1),
(00000000255, '100001290', 'Wendy', 'Ramirez', '', '', '', '', '', '', '', '(449) 155-3710', '', '', '', '', '', '', '', 'regular', 1),
(00000000256, '100001016', 'Paulina', 'Ramirez', 'Urbina', '', '', '', '', '', '', '(449) 769-5626', '', '', '', '', '', '', '', 'regular', 1),
(00000000257, '100001057', 'Alejandro', 'Ramirez', 'Ya?ez', '', '', '', '', '', '', '(449) 903-0516', '', '', '', '', '', '', '', 'regular', 1),
(00000000258, '100001111', 'Guillermina', 'Ramos', 'Perez', '', '', '', '', '', '', '(449) 155-5858', '', '', '', '', '', '', '', 'regular', 1),
(00000000259, '100001344', 'Yuliana', 'Rangel', '', '', '', '', '', '', '', '(449) 191-3080', '', '', '', '', '', '', '', 'regular', 1),
(00000000260, '100001313', 'Michelle', 'Raymond-K', '', '', '', '', '', '', '', '(442) 381-1685', '', '', '', '', '', '', '', 'regular', 1),
(00000000261, '100001103', 'Maria del Refugio', 'Reyes', 'Ortega', '', '', '', '', '', '', '(496) 130-0323', '', '', '', '', '', '', '', 'regular', 1),
(00000000262, '100001215', 'Gabriela', 'Reyna', 'Ramos', '', '', '', '', '', '', '(449) 554-0801', '', '', '', '', '', '', '', 'regular', 1),
(00000000263, '100001289', 'Magdalena', 'Rios', 'Marin', '', '', '', '', '', '', '(449) 397-4588', '', '', '', '', '', '', '', 'regular', 1),
(00000000264, '100001208', 'Maria', 'Rivas', 'Rivera', '', '', '', '', '', '', '(465) 108-3077', '', '', '', '', '', '', '', 'regular', 1),
(00000000265, '100001050', 'Lilia', 'Rivera', '', '', '', '', '', '', '', '(449) 123-5871', '', '', '', '', '', '', '', 'regular', 1),
(00000000266, '100001084', 'Algebra Graciela', 'Rivera', 'Ortiz', '', '', '', '', '', '', '(331) 061-5215', '', '', '', '', '', '', '', 'regular', 1),
(00000000267, '100001369', 'Rita', 'Robledo', 'Herrera', '', '', '', '', '', '', '(449) 117-7850', '', '', '', '', '', '', '', 'regular', 1),
(00000000268, '100001346', 'Alejandra', 'Robles', '', '', '', '', '', '', '', '(449) 196-4988', '', '', '', '', '', '', '', 'regular', 1),
(00000000269, '100001411', 'Zayda', 'Robles', 'ruiz', '', '', '', '', '', '', '(449) 904-8757', '', '', '', '', '', '', '', 'regular', 1),
(00000000270, '100001351', 'America', 'Rocha', '', '', '', '', '', '', '', '(449) 107-3759', '', '', '', '', '', '', '', 'regular', 1),
(00000000271, '100001326', 'Alejandra', 'Rodriguez', '', '', '', '', '', '', '', '(449) 920-0529', '', '', '', '', '', '', '', 'regular', 1),
(00000000272, '100001401', 'Cynthia', 'Rodriguez', '', '', '', '', '', '', '', '(449) 413-9700', '', '', '', '', '', '', '', 'regular', 1),
(00000000273, '100001201', 'Dorian', 'Rodriguez', '', '', '', '', '', '', '', '(449) 106-7901', '', '', '', '', '', '', '', 'regular', 1),
(00000000274, '100001117', 'Jesus Angel', 'Rodriguez', 'Ruiz', '', '', '', '', '', '', '(449) 269-9453', '', '', '', '', '', '', '', 'regular', 1),
(00000000275, '100001378', 'Alexa', 'Rodriguez', 'Silva', '', '', '', '', '', '', '(449) 254-0805', '', '', '', '', '', '', '', 'regular', 1),
(00000000276, '100001347', 'Miriam', 'Rodriguez', 'Tiscare?o', '', '', '', '', '', '', '(449) 155-9697', '', '', '', '', '', '', '', 'regular', 1),
(00000000277, '100001376', 'Farnori', 'Rojas', '', '', '', '', '', '', '', '(449) 199-0613', '', '', '', '', '', '', '', 'regular', 1),
(00000000278, 'M300050', 'Alejandra', 'Roldan', 'Esparza', '', '', '', '', '', '', '(449) 172-0746', '', '', '', '', '', '', '', 'regular', 1),
(00000000279, '100001038', 'Beatriz', 'Romo', '', '', '', '', '', '', '', '(449) 804-0117', '', '', '', '', '', '', '', 'regular', 1),
(00000000280, '100001021', 'Maria', 'Romo', '', '', '', '', '', '', '', '(449) 990-1332', '', '', '', '', '', '', '', 'regular', 1),
(00000000281, '100001278', 'Yazmin', 'Romo', '', '', '', '', '', '', '', '(449) 236-1465', '', '', '', '', '', '', '', 'regular', 1),
(00000000282, 'M3000255', 'Cristina', 'Romo', 'Mu?oz', '', '', '', '', '', '', '(449) 406-2828', '', '', '', '', '', '', '', 'regular', 1),
(00000000283, '100001166', 'Natalia', 'Romo', 'Romo', '', '', '', '', '', '', '(449) 180-9511', '', '', '', '', '', '', '', 'regular', 1),
(00000000284, '100001253', 'Rosa Isela', 'Rosales', 'Romo', '', '', '', '', '', '', '(449) 128-4090', '', '', '', '', '', '', '', 'regular', 1),
(00000000285, '100001200', 'Mirna', 'Rosso', '', '', '', '', '', '', '', '(492) 949-0537', '', '', '', '', '', '', '', 'regular', 1),
(00000000286, '100001336', 'Gabriel', 'Rubio', '', '', '', '', '', '', '', '(449) 890-6694', '', '', '', '', '', '', '', 'regular', 1),
(00000000287, '100000634', 'Marisa del Pilar', 'Rugarcia', 'Gonzalez', '', '', '', '', '', '', '(449) 183-8266', '', '', '', '', '', '', '', 'regular', 1),
(00000000288, '100001285', 'Argelia', 'Ruiz', '', '', '', '', '', '', '', '(449) 386-0976', '', '', '', '', '', '', '', 'regular', 1),
(00000000289, '100001335', 'Sandra Rocio', 'Ruiz', 'Coronado', '', '', '', '', '', '', '(449) 178-2008', '', '', '', '', '', '', '', 'regular', 1),
(00000000290, 'M300045', 'Anaissa', 'Ruiz', 'Tejada', '', '', '', '', '', '', '(449) 151-6569', '', '', '', '', '', '', '', 'regular', 1),
(00000000291, '100001340', 'Marcela', 'Sada', 'Flores', '', '', '', '', '', '', '(449) 911-7226', '', '', '', '', '', '', '', 'regular', 1),
(00000000292, '100001006', 'Gabriela', 'Salazar', '', '', '', '', '', '', '', '(449) 178-6785', '', '', '', '', '', '', '', 'regular', 1),
(00000000293, '100001379', 'Diana', 'Salda?a', 'Mu?oz', '', '', '', '', '', '', '(449) 154-4612', '', '', '', '', '', '', '', 'regular', 1),
(00000000294, '100001121', 'Andrea', 'Salgado', '', '', '', '', '', '', '', '(449) 209-7947', '', '', '', '', '', '', '', 'regular', 1),
(00000000295, '100001418', 'Tania', 'Salgado', 'Castillo', '', '', '', '', '', '', '(553) 901-1887', '', '', '', '', '', '', '', 'regular', 1),
(00000000296, '100001237', 'Alma', 'Sanchez', '', '', '', '', '', '', '', '(844) 110-7750', '', '', '', '', '', '', '', 'regular', 1),
(00000000297, '100001377', 'Cristopher David', 'Sanchez', 'Leos', '', '', '', '', '', '', '(449) 206-1002', '', '', '', '', '', '', '', 'regular', 1),
(00000000298, '100001211', 'Lorena', 'Sanchez', 'Roman', '', '', '', '', '', '', '(449) 188-9797', '', '', '', '', '', '', '', 'regular', 1),
(00000000299, '100001368', 'Dulce Maria', 'Sandoval', '', '', '', '', '', '', '', '(449) 193-4810', '', '', '', '', '', '', '', 'regular', 1),
(00000000300, '100001123', 'Erika', 'Sandoval', '', '', '', '', '', '', '', '(449) 137-8989', '', '', '', '', '', '', '', 'regular', 1),
(00000000301, '100001430', 'Vanessa', 'Sandoval', '', '', '', '', '', '', '', '(449) 124-8623', '', '', '', '', '', '', '', 'regular', 1),
(00000000302, '100001436', 'Andrea', 'Santacruz', '', '', '', '', '', '', '', '(449) 110-5682', '', '', '', '', '', '', '', 'regular', 1),
(00000000303, '100001356', 'Anahi', 'Santana', '', '', '', '', '', '', '', '(449) 433-4609', '', '', '', '', '', '', '', 'regular', 1),
(00000000304, '100001134', 'Alejandra', 'Santiba?ez', 'Simpson', '', '', '', '', '', '', '(449) 258-8129', '', '', '', '', '', '', '', 'regular', 1),
(00000000305, '100001337', 'Nancy', 'Santoyo', 'Aguilar', '', '', '', '', '', '', '(449) 187-3580', '', '', '', '', '', '', '', 'regular', 1),
(00000000306, '100000884', 'Maria Jose', 'Saul', 'Medrano', '', '', '', '', '', '', '(449) 911-4435', '', '', '', '', '', '', '', 'regular', 1),
(00000000307, 'M300102', 'Ana Sofia', 'Saul', 'Medrano', '', '', '', '', '', '', '(449) 911-4104', '', '', '', '', '', '', '', 'regular', 1),
(00000000308, '100001020', 'Xochitl', 'Serna', '', '', '', '', '', '', '', '(449) 950-0702', '', '', '', '', '', '', '', 'regular', 1),
(00000000309, '100001232', 'Natividad', 'Serna', 'Medina', '', '', '', '', '', '', '(465) 197-0264', '', '', '', '', '', '', '', 'regular', 1),
(00000000310, '100001283', 'Teresa', 'Silva', 'Delgado', '', '', '', '', '', '', '(449) 199-1733', '', '', '', '', '', '', '', 'regular', 1),
(00000000311, '100001384', 'Jane', 'Soria', '', '', '', '', '', '', '', '(449) 112-4616', '', '', '', '', '', '', '', 'regular', 1),
(00000000312, '100001120', 'Daniela Isabel', 'Suarez', 'Pizarro', '', '', '', '', '', '', '(449) 412-2961', '', '', '', '', '', '', '', 'regular', 1),
(00000000313, '100001001', 'Angela', 'Tavarez', 'Diaz', '', '', '', '', '', '', '(449) 919-1021', '', '', '', '', '', '', '', 'regular', 1),
(00000000314, '100000557', 'Maite', 'Tiscare?o', 'Santana', '', '', '', '', '', '', '(449) 195-4642', '', '', '', '', '', '', '', 'regular', 1),
(00000000315, '100001238', 'Martha', 'Torres', '', '', '', '', '', '', '', '(449) 205-8698', '', '', '', '', '', '', '', 'regular', 1),
(00000000316, '100001357', 'Lucia', 'Torres', 'Qui?ones', '', '', '', '', '', '', '(449) 138-6086', '', '', '', '', '', '', '', 'regular', 1),
(00000000317, '100001190', 'Miriam', 'Torrez', '', '', '', '', '', '', '', '(463) 109-6461', '', '', '', '', '', '', '', 'regular', 1),
(00000000318, '100001160', 'Joel', 'Tovar', 'Torrez', '', '', '', '', '', '', '(449) 129-9812', '', '', '', '', '', '', '', 'regular', 1),
(00000000319, '100001311', 'Victor', 'Trancoso', '', '', '', '', '', '', '', '(449) 115-3000', '', '', '', '', '', '', '', 'regular', 1),
(00000000320, '100000685', 'Adriana', 'Trejo', 'Nieto', '', '', '', '', '', '', '(449) 189-2429', '', '', '', '', '', '', '', 'regular', 1),
(00000000321, '100001036', 'Maria Sara', 'Urrutia', 'Cordova', '', '', '', '', '', '', '(449) 183-5714', '', '', '', '', '', '', '', 'regular', 1),
(00000000322, '100001061', 'Carmen', 'Urzua', 'Esparza', '', '', '', '', '', '', '(449) 804-2581', '', '', '', '', '', '', '', 'regular', 1),
(00000000323, '100001149', 'Maria del Carmen', 'Valdes', 'Arellano', '', '', '', '', '', '', '(449) 179-3829', '', '', '', '', '', '', '', 'regular', 1),
(00000000324, '100001148', 'Maria Guadalupe', 'Valdes', 'Arellano', '', '', '', '', '', '', '(449) 106-6172', '', '', '', '', '', '', '', 'regular', 1),
(00000000325, '100000996', 'Valeria', 'Valenzuela', '', '', '', '', '', '', '', '(449) 557-7377', '', '', '', '', '', '', '', 'regular', 1),
(00000000326, '100000965', 'Paola', 'Vallejo', 'Suarez', '', '', '', '', '', '', '(452) 142-1957', '', '', '', '', '', '', '', 'regular', 1),
(00000000327, '100001424', 'Ximena Naomi', 'Vargas', 'Felix', '', '', '', '', '', '', '(449) 123-5699', '', '', '', '', '', '', '', 'regular', 1),
(00000000328, '100001124', 'Cristian', 'Vazquez', '', '', '', '', '', '', '', '(449) 137-8989', '', '', '', '', '', '', '', 'regular', 1),
(00000000329, '100001338', 'Yesika', 'Vega', '', '', '', '', '', '', '', '(449) 919-6050', '', '', '', '', '', '', '', 'regular', 1),
(00000000330, '100001390', 'Elena', 'Venegas', 'Llamas', '', '', '', '', '', '', '(449) 463-0771', '', '', '', '', '', '', '', 'regular', 1),
(00000000331, '100000966', 'Lucia Mayela', 'Ventura', 'Casta?eda', '', '', '', '', '', '', '(449) 554-4870', '', '', '', '', '', '', '', 'regular', 1),
(00000000332, '100001405', 'Maria Eugenia', 'Ventura', 'Mu?oz', '', '', '', '', '', '', '(449) 224-7331', '', '', '', '', '', '', '', 'regular', 1),
(00000000333, '100001281', 'Alma', 'Villa', '', '', '', '', '', '', '', '(449) 111-3313', '', '', '', '', '', '', '', 'regular', 1),
(00000000334, '100001277', 'Irma', 'Villalpando', '', '', '', '', '', '', '', '(449) 231-4306', '', '', '', '', '', '', '', 'regular', 1),
(00000000335, 'M100028', 'Beatriz Leticia', 'Wong', 'Almendariz', '', '', '', '', '', '', '(449) 118-4894', '', '', '', '', '', '', '', 'regular', 1),
(00000000336, '100001437', 'Maria Guadalupe', 'Zaragoza', '', '', '', '', '', '', '', '(449) 128-2823', '', '', '', '', '', '', '', 'regular', 1),
(00000000337, '100001329', 'Brenda', 'Zavala', '', '', '', '', '', '', '', '(449) 395-4476', '', '', '', '', '', '', '', 'regular', 1);

-- --------------------------------------------------------

--
-- Estructura de tabla para la tabla `clientes_2`
--

DROP TABLE IF EXISTS `clientes_2`;
CREATE TABLE `clientes_2` (
  `id_cliente` int(11) UNSIGNED ZEROFILL NOT NULL,
  `nombre` varchar(150) NOT NULL,
  `a_paterno` varchar(60) NOT NULL,
  `a_materno` varchar(80) NOT NULL,
  `direccion` varchar(200) NOT NULL,
  `fraccionamiento` varchar(200) NOT NULL,
  `ciudad` varchar(200) NOT NULL,
  `municipio` varchar(200) NOT NULL,
  `estado` varchar(200) NOT NULL,
  `pais` varchar(200) NOT NULL,
  `tel_f` varchar(20) NOT NULL,
  `cel_1` varchar(20) NOT NULL,
  `cel_2` varchar(20) NOT NULL,
  `tel_o` varchar(20) NOT NULL,
  `email` varchar(150) NOT NULL,
  `facebook` varchar(200) NOT NULL,
  `instagram` varchar(200) NOT NULL,
  `foto` longtext NOT NULL,
  `tipo_cliente` varchar(45) NOT NULL DEFAULT 'regular',
  `status` int(1) NOT NULL DEFAULT '1'
) ENGINE=InnoDB DEFAULT CHARSET=latin1;

--
-- Volcado de datos para la tabla `clientes_2`
--

INSERT INTO `clientes_2` (`id_cliente`, `nombre`, `a_paterno`, `a_materno`, `direccion`, `fraccionamiento`, `ciudad`, `municipio`, `estado`, `pais`, `tel_f`, `cel_1`, `cel_2`, `tel_o`, `email`, `facebook`, `instagram`, `foto`, `tipo_cliente`, `status`) VALUES
(00000000002, 'Karla2', 'gonzales', 'Saenz', 'luz 112', 'centro', 'ags', 'ags', 'ags', 'Mexico', '4491121345', '4491121345', '4491121345', '4491121345', 'karla@gmail.com', 'karla', 'karla', 'kuasfjkafgkuhcajkfhsah', 'regular', 1);

-- --------------------------------------------------------

--
-- Estructura de tabla para la tabla `desc_ticket`
--

DROP TABLE IF EXISTS `desc_ticket`;
CREATE TABLE `desc_ticket` (
  `id_desc` int(11) NOT NULL,
  `id_ticket` int(11) NOT NULL,
  `cantidad` int(11) NOT NULL,
  `descripcion` varchar(300) NOT NULL,
  `precio` decimal(7,2) NOT NULL
) ENGINE=InnoDB DEFAULT CHARSET=latin1;

-- --------------------------------------------------------

--
-- Estructura de tabla para la tabla `habitaciones`
--

DROP TABLE IF EXISTS `habitaciones`;
CREATE TABLE `habitaciones` (
  `id_habitacion` int(11) NOT NULL,
  `nombre` varchar(50) NOT NULL,
  `descripcion` varchar(255) NOT NULL
) ENGINE=InnoDB DEFAULT CHARSET=latin1;

--
-- Volcado de datos para la tabla `habitaciones`
--

INSERT INTO `habitaciones` (`id_habitacion`, `nombre`, `descripcion`) VALUES
(2, '1', 'sala 1'),
(3, '2', 'sala 2'),
(4, '3', 'sala3'),
(5, '4', 'sala 4');

-- --------------------------------------------------------

--
-- Estructura de tabla para la tabla `paquetes`
--

DROP TABLE IF EXISTS `paquetes`;
CREATE TABLE `paquetes` (
  `id_paquete` int(11) NOT NULL,
  `id_cliente` int(11) NOT NULL,
  `id_servicio` int(11) NOT NULL,
  `cantidad` int(11) NOT NULL,
  `fecha_caducidad` date NOT NULL,
  `status` int(1) NOT NULL DEFAULT '0'
) ENGINE=InnoDB DEFAULT CHARSET=latin1;

--
-- Volcado de datos para la tabla `paquetes`
--

INSERT INTO `paquetes` (`id_paquete`, `id_cliente`, `id_servicio`, `cantidad`, `fecha_caducidad`, `status`) VALUES
(1, 1, 4, 0, '2020-01-04', 0),
(2, 4, 5, 0, '2020-01-04', 0);

-- --------------------------------------------------------

--
-- Estructura de tabla para la tabla `persinal`
--

DROP TABLE IF EXISTS `persinal`;
CREATE TABLE `persinal` (
  `id_masajista` int(11) NOT NULL,
  `nombre` varchar(70) NOT NULL,
  `a_paterno` varchar(50) NOT NULL,
  `a_materno` varchar(50) NOT NULL,
  `tel` varchar(17) NOT NULL,
  `cel` varchar(17) NOT NULL,
  `email` int(150) NOT NULL,
  `dirrecion` varchar(500) NOT NULL
) ENGINE=InnoDB DEFAULT CHARSET=latin1;

-- --------------------------------------------------------

--
-- Estructura de tabla para la tabla `personal`
--

DROP TABLE IF EXISTS `personal`;
CREATE TABLE `personal` (
  `id_personal` int(11) NOT NULL,
  `nombre` varchar(70) DEFAULT NULL,
  `a_paterno` varchar(70) DEFAULT NULL,
  `a_materno` varchar(70) DEFAULT NULL,
  `tel` varchar(17) DEFAULT NULL,
  `cel` varchar(17) DEFAULT NULL,
  `email` varchar(250) DEFAULT NULL,
  `direccion` varchar(500) DEFAULT NULL
) ENGINE=InnoDB DEFAULT CHARSET=latin1;

--
-- Volcado de datos para la tabla `personal`
--

INSERT INTO `personal` (`id_personal`, `nombre`, `a_paterno`, `a_materno`, `tel`, `cel`, `email`, `direccion`) VALUES
(11, 'masajista', 'a_apellido', 'a_materno', '4492014065', '4492014065', 'masajista@masajista.com', 'lago azul # 170 trojes de alonso'),
(12, 'test', NULL, NULL, NULL, NULL, NULL, NULL),
(13, 'test', NULL, NULL, NULL, NULL, NULL, NULL),
(15, 'test', NULL, NULL, NULL, NULL, NULL, NULL),
(16, 'test', NULL, NULL, NULL, NULL, NULL, NULL),
(17, 'test', NULL, NULL, NULL, NULL, NULL, NULL),
(18, 'test', NULL, NULL, NULL, NULL, NULL, NULL),
(19, 'test', NULL, NULL, NULL, NULL, NULL, NULL),
(20, 'test', NULL, NULL, NULL, NULL, NULL, NULL),
(21, 'test', NULL, NULL, NULL, NULL, NULL, NULL),
(22, 'test', NULL, NULL, NULL, NULL, NULL, NULL),
(23, 'test', NULL, NULL, NULL, NULL, NULL, NULL);

-- --------------------------------------------------------

--
-- Estructura de tabla para la tabla `product`
--

DROP TABLE IF EXISTS `product`;
CREATE TABLE `product` (
  `id_producto` int(11) NOT NULL,
  `id_proveedor` int(11) DEFAULT NULL,
  `upc` varchar(100) NOT NULL,
  `nombre` varchar(150) NOT NULL,
  `descripcion` varchar(250) NOT NULL,
  `precio` decimal(9,2) NOT NULL,
  `precio_publico` decimal(9,2) NOT NULL
) ENGINE=InnoDB DEFAULT CHARSET=latin1;

--
-- Volcado de datos para la tabla `product`
--

INSERT INTO `product` (`id_producto`, `id_proveedor`, `upc`, `nombre`, `descripcion`, `precio`, `precio_publico`) VALUES
(2, 1, 'xxxxxxxxxxxx', 'ACEITE VIGORIZANTE HENNEN 100G', 'ACEITE VIGORIZANTE HENNEN 100G', '100.00', '150.00');

-- --------------------------------------------------------

--
-- Estructura de tabla para la tabla `productos`
--

DROP TABLE IF EXISTS `productos`;
CREATE TABLE `productos` (
  `id_producto` int(11) NOT NULL,
  `id_proveedor` int(11) NOT NULL,
  `upc` varchar(100) NOT NULL,
  `nombre` varchar(200) NOT NULL,
  `descripcion` varchar(200) NOT NULL,
  `precio` decimal(9,2) NOT NULL,
  `precio_publico` decimal(9,2) NOT NULL
) ENGINE=InnoDB DEFAULT CHARSET=utf8;

--
-- Volcado de datos para la tabla `productos`
--

INSERT INTO `productos` (`id_producto`, `id_proveedor`, `upc`, `nombre`, `descripcion`, `precio`, `precio_publico`) VALUES
(1, 10, '7769335742', '% Toxina Botulinica (Unidad)', '% Toxina Botulinica (Unidad)', '30.00', '89.00'),
(2, 8, '2906747963', '+ Disparo de LIPOcel', '+ Disparo de LIPOcel', '88.00', '88.00'),
(3, 10, '8973217676', '+ Toxina Botulinica (Unidad)', '+ Toxina Botulinica (Unidad)', '30.00', '79.00'),
(4, 4, '3 282770 505320', 'Agua Termal 50 ml', 'Agua Termal 50 ml', '72.00', '90.00'),
(5, 9, '8060220176', 'Aivone', 'Aivone', '0.00', '350.00'),
(6, 1, '6456756654', 'Ajuste de cuenta', 'Ajuste de cuenta', '0.00', '0.00'),
(7, 5, '9923297246', 'Anti-aging Renewal Serum', 'Anti-aging Renewal Serum', '0.00', '1299.00'),
(8, 8, '8102057543', 'Celavi T. Desmaquillantes', 'Celavi T. Desmaquillantes', '0.00', '50.00'),
(9, 8, '6008129892', 'Crema Nunn Care', 'Crema Nunn Care', '0.00', '280.00'),
(10, 8, '9332641202', 'Dermolastin', 'Dermolastin', '0.00', '1200.00'),
(11, 2, '9981651993', 'Dermolastin Lifting Serum', 'Dermolastin Lifting Serum', '0.00', '1199.00'),
(12, 8, 'MANCHA', 'Eliminacion de mancha individual con laser', 'Eliminacion de mancha individual con laser', '0.00', '99.00'),
(13, 3, '8578773941', 'Extreme SPF 40', 'Extreme SPF 40', '225.00', '295.00'),
(14, 1, '1151062456', 'Eye Filler Mask', 'Eye Filler Mask', '0.00', '250.00'),
(15, 5, '6279459812', 'Gel Lipo-Reducteur', 'Gel Lipo-Reducteur', '0.00', '1499.00'),
(16, 10, 'HYDRAFILLER', 'Hydra Filler - Crema de hidratacion intensa', 'Hydra Filler - Crema de hidratacion intensa', '685.34', '1199.00'),
(17, 8, '1500156573', 'ICE Mask', 'ICE Mask', '0.00', '60.00'),
(18, 10, 'ISOSTRUCTURE', 'Iso Structure Crema anti-edad de dia (50ml)', 'Iso Structure Crema anti-edad de dia (50ml)', '685.34', '1199.00'),
(19, 8, '4426150162', 'Magnetic Mask', 'Magnetic Mask', '0.00', '60.00'),
(20, 8, '1515521058', 'Malla Endermologie', 'Malla Endermologie', '0.00', '599.00'),
(21, 6, '6688115903', 'Mascarilla Eye Filler', 'Mascarilla Eye Filler', '130.00', '160.00'),
(22, 7, 'MASCARILLA', 'Mascarilla individual para cara completa', 'Mascarilla individual para cara completa', '15.00', '45.00'),
(23, 8, '1934523600', 'Mascarilla Magnetica', 'Mascarilla Magnetica', '0.00', '55.00'),
(24, 8, '1614346711', 'Mascarilla Negra Peel Off', 'Mascarilla Negra Peel Off', '0.00', '100.00'),
(25, 10, 'HANDFILLER', 'Mascarilla para manos rejuvenecedora e hidratante', 'Mascarilla para manos rejuvenecedora e hidratante', '560.34', '899.00'),
(26, 2, '4028059376', 'Medilastin', 'Medilastin', '1599.00', '1599.00'),
(27, 10, 'MISCELLARSOLUTION', 'Micellar Solution - Limpiador desmaquillante', 'Micellar Solution - Limpiador desmaquillante', '271.55', '449.00'),
(28, 10, 'NEOCICA', 'Neocica - Reparador dermico (20ml)', 'Neocica - Reparador dermico (20ml)', '478.45', '719.00'),
(29, 10, 'OPTIMEYES', 'Optim Eyes - Crema contorno de ojos (15ml)', 'Optim Eyes - Crema contorno de ojos (15ml)', '487.07', '799.00'),
(30, 8, '8140367852', 'Protector solar Avene', 'Protector solar Avene', '0.00', '360.00'),
(31, 5, '8948631186', 'Radiance Energising Serum', 'Radiance Energising Serum', '0.00', '1299.00'),
(32, 8, 'REVOFILPLUS', 'REVOFIL Plus', 'REVOFIL Plus', '0.00', '1506.00'),
(33, 10, 'SKINSTRUCTURE', 'Skin Structure - Suero reafirmante y reestructurad', 'Skin Structure - Suero reafirmante y reestructurad', '685.34', '1199.00'),
(34, 10, 'SLEEPPEEL', 'Sleep & Peel - Crema reparadora noche (50ml)', 'Sleep & Peel - Crema reparadora noche (50ml)', '685.34', '1199.00'),
(35, 8, '3634889219', 'SOIN ANTI-AGE DeFENSE CELLULAIRE SPF30', 'SOIN ANTI-AGE DeFENSE CELLULAIRE SPF30', '0.00', '600.00'),
(36, 10, 'TIMEFILLEREYES', 'Time Filler Eyes - Tratamiento de contorno de ojos', 'Time Filler Eyes - Tratamiento de contorno de ojos', '616.38', '969.00'),
(37, 4, '1455097488', 'Tizo 2 44 ml', 'Tizo 2 44 ml', '447.00', '0.00'),
(38, 5, '1741412603', 'Total Eye Care', 'Total Eye Care', '0.00', '1299.00'),
(39, 10, '8848948438', 'Toxina Botulinica (Unidad)', 'Toxina Botulinica (Unidad)', '30.00', '109.00'),
(40, 10, 'UV DEFENCE', 'UV Defence - Protector solar anti-edad (40ml)', 'UV Defence - Protector solar anti-edad (40ml)', '336.21', '559.00'),
(41, 8, '3394621810', 'Volcanic Mask', 'Volcanic Mask', '0.00', '60.00'),
(42, 8, '3083481779', 'V-Shaped', 'V-Shaped', '0.00', '60.00');

-- --------------------------------------------------------

--
-- Estructura de tabla para la tabla `promociones`
--

DROP TABLE IF EXISTS `promociones`;
CREATE TABLE `promociones` (
  `id_promocion` int(11) NOT NULL,
  `descripcion` varchar(100) NOT NULL,
  `descuento` int(11) NOT NULL,
  `inicia` date NOT NULL,
  `termina` date NOT NULL,
  `status` int(11) NOT NULL DEFAULT '1'
) ENGINE=InnoDB DEFAULT CHARSET=latin1;

-- --------------------------------------------------------

--
-- Estructura de tabla para la tabla `prove`
--

DROP TABLE IF EXISTS `prove`;
CREATE TABLE `prove` (
  `id_proveedor` int(11) NOT NULL,
  `nombre` varchar(150) NOT NULL,
  `rfc` varchar(15) NOT NULL,
  `domicilio` varchar(250) NOT NULL,
  `tel_1` varchar(10) NOT NULL,
  `tel_2` varchar(10) NOT NULL,
  `contacto` varchar(150) NOT NULL,
  `alta` timestamp NOT NULL DEFAULT CURRENT_TIMESTAMP,
  `termino` date NOT NULL,
  `email` varchar(200) NOT NULL,
  `status` int(1) NOT NULL
) ENGINE=InnoDB DEFAULT CHARSET=latin1;

--
-- Volcado de datos para la tabla `prove`
--

INSERT INTO `prove` (`id_proveedor`, `nombre`, `rfc`, `domicilio`, `tel_1`, `tel_2`, `contacto`, `alta`, `termino`, `email`, `status`) VALUES
(1, 'Dermaheal', '12121212122', 'av constitucion', '1212121212', '1212121212', 'abel', '0000-00-00 00:00:00', '0000-00-00', 'almacen@almacen.com', 1),
(2, 'Dermolastin', '12121212122', 'av constitucion', '1212121212', '1212121212', 'abel', '0000-00-00 00:00:00', '0000-00-00', 'almacen@almacen.com', 1),
(3, 'Genove', '12121212122', 'av constitucion', '1212121212', '1212121212', 'abel', '0000-00-00 00:00:00', '0000-00-00', 'almacen@almacen.com', 1),
(4, 'Grupo Venta Internacional', '12121212122', 'av constitucion', '1212121212', '1212121212', 'abel', '0000-00-00 00:00:00', '0000-00-00', 'almacen@almacen.com', 1),
(5, 'LPG ENDERMOLOGIE', '12121212122', 'av constitucion', '1212121212', '1212121212', 'abel', '0000-00-00 00:00:00', '0000-00-00', 'almacen@almacen.com', 1),
(6, 'MedeStore', '12121212122', 'av constitucion', '1212121212', '1212121212', 'abel', '0000-00-00 00:00:00', '0000-00-00', 'almacen@almacen.com', 1),
(7, 'Plamera\'s Bay', '12121212122', 'av constitucion', '1212121212', '1212121212', 'abel', '0000-00-00 00:00:00', '0000-00-00', 'almacen@almacen.com', 1),
(8, 'Sere Neoterapia Estetica', '12121212122', 'av constitucion', '1212121212', '1212121212', 'abel', '0000-00-00 00:00:00', '0000-00-00', 'almacen@almacen.com', 1),
(9, 'Slide Ball Eye Essence', '12121212122', 'av constitucion', '1212121212', '1212121212', 'abel', '0000-00-00 00:00:00', '0000-00-00', 'almacen@almacen.com', 1),
(10, 'Violeta Minerva Rivera Rodriguez', '12121212122', 'av constitucion', '1212121212', '1212121212', 'abel', '0000-00-00 00:00:00', '0000-00-00', 'almacen@almacen.com', 1);

-- --------------------------------------------------------

--
-- Estructura de tabla para la tabla `prove2`
--

DROP TABLE IF EXISTS `prove2`;
CREATE TABLE `prove2` (
  `id_proveedor` int(11) NOT NULL,
  `nombre` varchar(150) NOT NULL,
  `rfc` varchar(15) NOT NULL,
  `domicilio` varchar(250) NOT NULL,
  `tel_1` varchar(10) NOT NULL,
  `tel_2` varchar(10) NOT NULL,
  `contacto` varchar(150) NOT NULL,
  `alta` timestamp NOT NULL DEFAULT CURRENT_TIMESTAMP,
  `termino` date NOT NULL,
  `email` varchar(200) NOT NULL,
  `status` int(1) NOT NULL
) ENGINE=InnoDB DEFAULT CHARSET=latin1;

--
-- Volcado de datos para la tabla `prove2`
--

INSERT INTO `prove2` (`id_proveedor`, `nombre`, `rfc`, `domicilio`, `tel_1`, `tel_2`, `contacto`, `alta`, `termino`, `email`, `status`) VALUES
(1, 'aurrera', '12121212122', 'av constitucion', '1212121212', '1212121212', 'abel', '2018-12-07 18:17:40', '2018-12-07', 'almacen@almacen.com', 1);

-- --------------------------------------------------------

--
-- Estructura de tabla para la tabla `servic`
--

DROP TABLE IF EXISTS `servic`;
CREATE TABLE `servic` (
  `id_servicio` int(11) NOT NULL,
  `id_zona` int(11) NOT NULL,
  `tratamiento` varchar(250) NOT NULL,
  `regular` decimal(7,2) NOT NULL,
  `preferente` decimal(7,2) DEFAULT NULL,
  `intermedia` decimal(7,2) DEFAULT NULL,
  `mas` decimal(7,2) DEFAULT NULL,
  `tiempo` int(11) NOT NULL,
  `notas` varchar(300) DEFAULT NULL
) ENGINE=InnoDB DEFAULT CHARSET=latin1;

--
-- Volcado de datos para la tabla `servic`
--

INSERT INTO `servic` (`id_servicio`, `id_zona`, `tratamiento`, `regular`, `preferente`, `intermedia`, `mas`, `tiempo`, `notas`) VALUES
(1, 1, 'abdomen', '990.00', '880.00', '780.00', '680.00', 15, '');

-- --------------------------------------------------------

--
-- Estructura de tabla para la tabla `servicios`
--

DROP TABLE IF EXISTS `servicios`;
CREATE TABLE `servicios` (
  `id_servicio` int(11) NOT NULL,
  `id_zona` int(11) NOT NULL,
  `tratamiento` varchar(250) NOT NULL,
  `regular` decimal(7,2) NOT NULL,
  `preferente` decimal(7,2) DEFAULT NULL,
  `intermedia` decimal(7,2) DEFAULT NULL,
  `mas` decimal(7,2) DEFAULT NULL,
  `tiempo` int(11) NOT NULL,
  `notas` varchar(300) DEFAULT NULL
) ENGINE=InnoDB DEFAULT CHARSET=latin1;

--
-- Volcado de datos para la tabla `servicios`
--

INSERT INTO `servicios` (`id_servicio`, `id_zona`, `tratamiento`, `regular`, `preferente`, `intermedia`, `mas`, `tiempo`, `notas`) VALUES
(1, 1, 'CO -Extensiones Pestañas', '1500.00', '0.00', '0.00', '0.00', 30, 'no'),
(2, 1, 'CO - Extensiones Pestañas', '1500.00', '0.00', '0.00', '0.00', 30, 'no'),
(3, 1, 'CO - Extensiones Pestañas', '1500.00', '0.00', '0.00', '0.00', 30, 'no'),
(4, 2, 'DE -Barba completa', '540.00', '0.00', '0.00', '0.00', 30, 'no'),
(5, 2, 'DE - Abdomen (Inferior)', '380.00', '0.00', '0.00', '0.00', 30, 'no'),
(6, 2, 'DE - Abdomen (Superior) ', '380.00', '0.00', '0.00', '0.00', 30, 'no'),
(7, 2, 'DE - Brazos completos con manos', '950.00', '0.00', '0.00', '0.00', 30, 'no'),
(8, 2, 'DE - Cabeza', '720.00', '0.00', '0.00', '0.00', 30, 'no'),
(9, 2, 'DE - Espalda alta', '620.00', '0.00', '0.00', '0.00', 30, 'no'),
(10, 2, 'DE - Espalda baja', '620.00', '0.00', '0.00', '0.00', 30, 'no'),
(11, 2, 'DE - Extension', '60.00', '0.00', '0.00', '0.00', 30, 'no'),
(12, 2, 'DE - Linea abdominal', '250.00', '0.00', '0.00', '0.00', 30, 'no'),
(13, 2, 'DE - Linea interglutea', '160.00', '0.00', '0.00', '0.00', 30, 'no'),
(14, 2, 'DE - Media barba', '250.00', '0.00', '0.00', '0.00', 30, 'no'),
(15, 2, 'DE - Media linea abdominal', '160.00', '0.00', '0.00', '0.00', 30, 'no'),
(16, 2, 'DE - Medias piernas', '580.00', '0.00', '0.00', '0.00', 30, 'no'),
(17, 2, 'DE - Medias piernas c/pies', '650.00', '0.00', '0.00', '0.00', 30, 'no'),
(18, 2, 'DE - Mejillas', '220.00', '0.00', '0.00', '0.00', 30, 'no'),
(19, 3, 'LP - Nuevo Skin Lifting', '750.00', '0.00', '0.00', '0.00', 30, 'no'),
(20, 3, 'LP - Cara y Cuerpo', '2249.00', '0.00', '0.00', '0.00', 30, 'no'),
(21, 3, 'LP - Cara y Cuerpo x 10 sesiones', '17992.00', '0.00', '0.00', '0.00', 30, 'no'),
(22, 3, 'LP - Detox Cuerpo x 10 sesiones', '5192.00', '0.00', '0.00', '0.00', 30, 'no'),
(23, 3, 'LP - Endermologie ID', '11992.00', '0.00', '0.00', '0.00', 30, 'no'),
(24, 3, 'LP - Endermologie ID Reafirmante x 10 sesiones', '11992.00', '0.00', '0.00', '0.00', 30, 'no'),
(25, 3, 'LP - Regeneracion Celular Rostro x 10 sesiones', '17992.00', '0.00', '0.00', '0.00', 30, 'no'),
(26, 3, 'LP - Renovacion Rostro', '2249.00', '0.00', '0.00', '0.00', 30, 'no'),
(27, 4, 'ME - Aplicacion de Toxina botulinica ($89 x unidad)', '0.00', '0.00', '0.00', '0.00', 30, 'no'),
(28, 4, 'ME - Peelings quimicos', '1249.00', '0.00', '0.00', '0.00', 30, 'no'),
(29, 4, 'ME - Plasma Rico en Plaquetas (Cara+Cuello o Ca?', '2999.00', '0.00', '0.00', '0.00', 30, 'no'),
(30, 4, 'ME - Rellenos con acido hialuronico', '3599.00', '0.00', '0.00', '0.00', 30, 'no'),
(31, 4, 'ME - Rinomodelacion', '4799.00', '0.00', '0.00', '0.00', 30, 'no'),
(32, 4, 'ME - Skin booster', '1999.00', '0.00', '0.00', '0.00', 30, 'no'),
(33, 4, 'ME - Toma de biopsias', '1249.00', '0.00', '0.00', '0.00', 30, 'no'),
(34, 4, 'ME - Toxina Botulinica para hiperhidrosis', '9499.00', '0.00', '0.00', '0.00', 30, 'no'),
(35, 5, 'PR - Biodermagenesi', '999.00', '0.00', '0.00', '0.00', 30, 'no'),
(36, 5, 'PR - Laser CO2 en areas reducidas', '2999.00', '0.00', '0.00', '0.00', 30, 'no'),
(37, 5, 'PR - LPG ENDERMOLOGY', '1500.00', '0.00', '0.00', '0.00', 30, 'no'),
(38, 5, 'PR - Tratamiento FUS + Smart Lifting', '8499.00', '0.00', '0.00', '0.00', 30, 'no'),
(39, 6, 'PRM - CO2 Skin Resurfacing ', '7499.00', '0.00', '0.00', '0.00', 30, 'no'),
(40, 7, 'PRO - Electroporacion + Exfoliacion', '649.00', '0.00', '0.00', '0.00', 30, 'no'),
(41, 7, 'PRO - Electroporacion reductiva', '649.00', '0.00', '0.00', '0.00', 30, 'no'),
(42, 7, 'PRO - Fotorejuvenecimiento con SmoothCool', '1299.00', '0.00', '0.00', '0.00', 30, 'no'),
(43, 7, 'PRO - Hydra Beauty', '1499.00', '0.00', '0.00', '0.00', 30, 'no'),
(44, 7, 'PRO - LIPOcel', '8499.00', '0.00', '0.00', '0.00', 30, 'no'),
(45, 7, 'PRO - Magic Pot Vacuum + RF', '499.00', '0.00', '0.00', '0.00', 30, 'no'),
(46, 7, 'PRO - Microdermoabrasion', '850.00', '0.00', '0.00', '0.00', 30, 'no'),
(47, 7, 'PRO - Microdermoabrasion (Zona extendida)', '849.00', '0.00', '0.00', '0.00', 30, 'no'),
(48, 7, 'PRO - Cavitacion x 5 sesiones', '2596.00', '0.00', '0.00', '0.00', 30, 'no'),
(49, 7, 'PRO - Radiofrecuencia x 5 sesiones', '2596.00', '0.00', '0.00', '0.00', 30, 'no');

-- --------------------------------------------------------

--
-- Estructura de tabla para la tabla `servicios_cita`
--

DROP TABLE IF EXISTS `servicios_cita`;
CREATE TABLE `servicios_cita` (
  `id_servicio_cita` int(11) NOT NULL,
  `id_cita` int(11) NOT NULL,
  `id_servicio` int(11) NOT NULL
) ENGINE=InnoDB DEFAULT CHARSET=latin1;

--
-- Volcado de datos para la tabla `servicios_cita`
--

INSERT INTO `servicios_cita` (`id_servicio_cita`, `id_cita`, `id_servicio`) VALUES
(1, 1, 1),
(2, 2, 5),
(3, 3, 1),
(4, 3, 1),
(5, 4, 4),
(6, 5, 1),
(7, 5, 2),
(8, 5, 4),
(9, 6, 9),
(10, 6, 12),
(11, 7, 8),
(12, 7, 10),
(13, 8, 26),
(14, 9, 49),
(15, 10, 48),
(16, 10, 49),
(17, 11, 12),
(18, 12, 1),
(19, 12, 5),
(20, 13, 4),
(21, 14, 1),
(22, 14, 5),
(23, 14, 7),
(24, 15, 4),
(25, 15, 5),
(26, 16, 4),
(27, 17, 4),
(28, 17, 5),
(29, 18, 4),
(30, 18, 5),
(31, 19, 5),
(32, 19, 6),
(33, 20, 4),
(34, 20, 9),
(35, 21, 5),
(36, 21, 6),
(37, 22, 4),
(38, 22, 5),
(39, 23, 4),
(40, 23, 5);

-- --------------------------------------------------------

--
-- Estructura de tabla para la tabla `ticket`
--

DROP TABLE IF EXISTS `ticket`;
CREATE TABLE `ticket` (
  `id_ticket` int(11) NOT NULL,
  `id_cliente` int(11) NOT NULL,
  `descripcion` longtext NOT NULL,
  `fecha` datetime NOT NULL DEFAULT CURRENT_TIMESTAMP,
  `monto` decimal(9,2) NOT NULL
) ENGINE=InnoDB DEFAULT CHARSET=latin1;

--
-- Volcado de datos para la tabla `ticket`
--

INSERT INTO `ticket` (`id_ticket`, `id_cliente`, `descripcion`, `fecha`, `monto`) VALUES
(1, 2, '<tr onclick=\"remover_fila(this)\" id=\"fila_masajes_l1\" class=\"fila\">\n        <th class=\"text-center\" scope=\"row\"><span class=\"text-danger\"> <i class=\"fa fa-times\" aria-hidden=\"true\"></i></span></th>\n        <td>Cita con fecha del 20/12/2018</td>\n        <td class=\"text-center\">1</td>\n        <td class=\"text-right costo\">$990.00</td>\n        <input type=\"hidden\" value=\"1\">\n      </tr><tr onclick=\"remover_fila(this)\" id=\"fila_2\" class=\"fila\"><th class=\"text-center\" scope=\"row\"><span class=\"text-danger\"> <i class=\"fa fa-times\" aria-hidden=\"true\"></i></span></th><td class=\"upc\">xxxxxxxxxxxx ACEITE VIGORIZANTE HENNEN 100G ACEITE VIGORIZANTE HENNEN 100G</td><td class=\"text-center\">1</td><td class=\"text-right costo\">$150.00</td></tr><tr onclick=\"remover_fila(this)\" id=\"fila_3\" class=\"fila\"><th class=\"text-center\" scope=\"row\"><span class=\"text-danger\"> <i class=\"fa fa-times\" aria-hidden=\"true\"></i></span></th><td>\n      \n              DEPILACIONES\n           abdomen</td><td class=\"text-center\">1</td><td class=\"text-right costo\">$990.00</td></tr>', '2018-12-20 00:34:15', '2130.00'),
(2, 2, '<tr onclick=\"remover_fila(this)\" id=\"fila_1\" class=\"fila\"><th class=\"text-center\" scope=\"row\"><span class=\"text-danger\"> <i class=\"fa fa-times\" aria-hidden=\"true\"></i></span></th><td class=\"upc\">xxxxxxxxxxxx ACEITE VIGORIZANTE HENNEN 100G ACEITE VIGORIZANTE HENNEN 100G</td><td class=\"text-center\">1</td><td class=\"text-right costo\">$150.00</td></tr>', '2018-12-20 00:39:20', '150.00'),
(3, 2, '<tr onclick=\"remover_fila(this)\" id=\"fila_1\" class=\"fila\"><th class=\"text-center\" scope=\"row\"><span class=\"text-danger\"> <i class=\"fa fa-times\" aria-hidden=\"true\"></i></span></th><td class=\"upc\">xxxxxxxxxxxx ACEITE VIGORIZANTE HENNEN 100G ACEITE VIGORIZANTE HENNEN 100G</td><td class=\"text-center\">1</td><td class=\"text-right costo\">$150.00</td></tr>', '2018-12-20 00:50:33', '150.00'),
(4, 2, '<tr onclick=\"remover_fila(this)\" id=\"fila_masajes_l1\" class=\"fila\">\n        <th class=\"text-center\" scope=\"row\"><span class=\"text-danger\"> <i class=\"fa fa-times\" aria-hidden=\"true\"></i></span></th>\n        <td>Cita con fecha del 20/12/2018</td>\n        <td class=\"text-center\">1</td>\n        <td class=\"text-right costo\">$990.00</td>\n        <input type=\"hidden\" value=\"2\">\n      </tr>', '2018-12-20 00:52:38', '990.00'),
(5, 2, '<tr onclick=\"remover_fila(this)\" id=\"fila_1\" class=\"fila\"><th class=\"text-center\" scope=\"row\"><span class=\"text-danger\"> <i class=\"fa fa-times\" aria-hidden=\"true\"></i></span></th><td class=\"upc\">xxxxxxxxxxxx ACEITE VIGORIZANTE HENNEN 100G ACEITE VIGORIZANTE HENNEN 100G</td><td class=\"text-center\">1</td><td class=\"text-right costo\">$150.00</td></tr>', '2018-12-20 14:04:39', '150.00'),
(6, 2, '<tr onclick=\"remover_fila(this)\" id=\"fila_1\" class=\"fila\"><th class=\"text-center\" scope=\"row\"><span class=\"text-danger\"> <i class=\"fa fa-times\" aria-hidden=\"true\"></i></span></th><td class=\"upc\">xxxxxxxxxxxx ACEITE VIGORIZANTE HENNEN 100G ACEITE VIGORIZANTE HENNEN 100G</td><td class=\"text-center\">1</td><td class=\"text-right costo\">$150.00</td></tr>', '2018-12-20 14:12:24', '150.00'),
(7, 2, '<tr onclick=\"remover_fila(this)\" id=\"fila_masajes_l1\" class=\"fila\">\n        <th class=\"text-center\" scope=\"row\"><span class=\"text-danger\"> <i class=\"fa fa-times\" aria-hidden=\"true\"></i></span></th>\n        <td>Cita con fecha del 20/12/2018</td>\n        <td class=\"text-center\">1</td>\n        <td class=\"text-right costo\">$990.00</td>\n        <input type=\"hidden\" value=\"3\">\n      </tr>', '2018-12-20 14:19:59', '990.00'),
(8, 2, '<tr onclick=\"remover_fila(this)\" id=\"fila_1\" class=\"fila\"><th class=\"text-center\" scope=\"row\"><span class=\"text-danger\"> <i class=\"fa fa-times\" aria-hidden=\"true\"></i></span></th><td class=\"upc\">xxxxxxxxxxxx ACEITE VIGORIZANTE HENNEN 100G ACEITE VIGORIZANTE HENNEN 100G</td><td class=\"text-center\">1</td><td class=\"text-right costo\">$150.00</td></tr>', '2018-12-22 01:26:41', '150.00'),
(9, 1, '<tr onclick=\"remover_fila(this)\" id=\"fila_1\" class=\"fila\"><th class=\"text-center\" scope=\"row\"><span class=\"text-danger\"> <i class=\"fa fa-times\" aria-hidden=\"true\"></i></span></th><td class=\"upc\">2906747963 + Disparo de LIPOcel + Disparo de LIPOcel</td><td class=\"text-center\">1</td><td class=\"text-right costo\">$88.00</td></tr>', '2018-12-22 10:03:55', '88.00'),
(10, 1, '<tr onclick=\"remover_fila(this)\" id=\"fila_masajes_l1\" class=\"fila\">\r\n<th class=\"text-center\" scope=\"row\"><span class=\"text-danger\"> <i class=\"fa fa-times\" aria-hidden=\"true\"></i></span></th>\r\n<td>Cita con fecha del 24/12/2018</td>\r\n<td class=\"text-center\">1</td>\r\n<td class=\"text-right costo\">$5192.00</td\r\n<input type=\"hidden\" value=\"10\"></tr>', '2018-12-24 14:45:05', '5192.00'),
(11, 1, '<tr onclick=\"remover_fila(this)\" id=\"fila_masajes_l1\" class=\"fila\">\r\n    <th class=\"text-center\" scope=\"row\"><span class=\"text-danger\"> <i class=\"fa fa-times\" aria-hidden=\"true\"></i></span></th>\r\n    <td>Cita con fecha del 24/12/2018</td>\r\n    <td class=\"text-center\">1</td>\r\n    <td class=\"text-right costo\">$2596.00</td>\r\n</tr>', '2018-12-24 15:14:30', '2596.00'),
(12, 1, '<tr><td class=\"cantidad\">1</td><td class=\"producto\">Premium PR - Biodermagenesi</td><td class=\"precio\">$999.00</td></tr><tr><td class=\"cantidad\">1</td><td class=\"producto\">LPG Endermologie LP - Nuevo Skin Lifting</td><td class=\"precio\">$750.00</td></tr>', '2018-12-26 12:27:57', '1749.00'),
(13, 1, '<tr><td class=\"cantidad\">1</td><td class=\"producto\">COMPLEMENTARIOS CO -Extensiones Pestanas</td><td class=\"precio\">$1500.00</td></tr><tr><td class=\"cantidad\">1</td><td class=\"producto\">7769335742 % Toxina Botulinica (Unidad) % Toxina Botulinica (Unidad)</td><td class=\"precio\">$89.00</td></tr>', '2018-12-26 13:54:20', '1589.00'),
(14, 1, '<tr><td class=\"cantidad\">1</td><td class=\"producto\">COMPLEMENTARIOS CO -Extensiones Pestanas</td><td class=\"precio\">$1500.00</td></tr>', '2018-12-26 16:19:36', '1500.00'),
(15, 1, '<tr><td class=\"cantidad\">1</td><td class=\"producto\">Cita con fecha del 02/01/2019</td><td class=\"precio\">$250.00</td></tr>', '2019-01-02 22:43:10', '250.00'),
(16, 1, '<tr><td class=\"cantidad\">1</td><td class=\"producto\">Cita con fecha del 03/01/2019</td><td class=\"precio\">$1880.00</td></tr>', '2019-01-03 10:54:34', '1880.00'),
(17, 1, '<tr><td class=\"cantidad\">1</td><td class=\"producto\">Cita con fecha del 04/01/2019</td><td class=\"precio\">$0.00</td></tr>', '2019-01-04 21:17:41', '0.00'),
(18, 1, '<tr><td class=\"cantidad\">1</td><td class=\"producto\">Cita con fecha del 04/01/2019</td><td class=\"precio\">$380.00</td></tr>', '2019-01-04 21:43:27', '380.00'),
(19, 4, '<tr><td class=\"cantidad\">1</td><td class=\"producto\">Cita con fecha del 07/01/2019</td><td class=\"precio\">$380.00</td></tr>', '2019-01-07 21:40:01', '380.00'),
(20, 4, '<tr><td class=\"cantidad\">1</td><td class=\"producto\">Cita con fecha del 07/01/2019</td><td class=\"precio\">$1160.00</td></tr>', '2019-01-07 21:58:20', '1160.00'),
(21, 4, '<tr><td class=\"cantidad\">1</td><td class=\"producto\">Cita con fecha del 07/01/2019</td><td class=\"precio\">$380.00</td></tr>', '2019-01-07 22:01:00', '380.00'),
(22, 4, '<tr><td class=\"cantidad\">1</td><td class=\"producto\">Cita con fecha del 07/01/2019</td><td class=\"precio\">$540.00</td></tr>', '2019-01-07 23:03:56', '540.00'),
(23, 4, '<tr><td class=\"cantidad\">1</td><td class=\"producto\">Cita con fecha del 07/01/2019</td><td class=\"precio\">$920.00</td></tr>', '2019-01-07 23:05:24', '920.00'),
(24, 1, '<tr><td class=\"cantidad\">1</td><td class=\"producto\">COMPLEMENTARIOS CO -Extensiones Pestañas</td><td class=\"precio\">$1500.00</td></tr>', '2019-01-11 11:45:28', '1500.00');

-- --------------------------------------------------------

--
-- Estructura de tabla para la tabla `usuarios`
--

DROP TABLE IF EXISTS `usuarios`;
CREATE TABLE `usuarios` (
  `id_usuario` int(11) NOT NULL,
  `nikname` varchar(50) NOT NULL,
  `password` varchar(350) NOT NULL,
  `rol` varchar(8) NOT NULL,
  `nombre` varchar(150) NOT NULL,
  `token` varchar(355) DEFAULT NULL,
  `email` varchar(250) NOT NULL
) ENGINE=InnoDB DEFAULT CHARSET=latin1;

--
-- Volcado de datos para la tabla `usuarios`
--

INSERT INTO `usuarios` (`id_usuario`, `nikname`, `password`, `rol`, `nombre`, `token`, `email`) VALUES
(1, 'palc', '8cb2237d0679ca88db6464eac60da96345513964', '10', 'PEDRO ANDRES LOPEZ CHAVEZ', NULL, 'palc28@hotmail.com'),
(2, 'recepcionista', '9b52320cc7c7a8ca36b2f42fad6ce1d6c9835a67', '20', 'PILAR RAMIREZ DELGADILLO', NULL, 'pilyrade@yahoo.com'),
(3, 'terapeuta', '0298571377d66cb76e1a6310955ef539acf40f19', '30', 'JESSICA PAOLA AGUILA MC PERSON', NULL, 'isp_er@hotmail.com'),
(4, 'terapeuta2', '2ecc2acf0d1d9e418a4f96b58c2a0bb0345fdf37', '30', 'EDITH FLORES', NULL, 'edithflosjmz123@gmail.com');

--
-- Disparadores `usuarios`
--
DROP TRIGGER IF EXISTS `insertar_personal`;
DELIMITER $$
CREATE TRIGGER `insertar_personal` BEFORE INSERT ON `usuarios` FOR EACH ROW CALL test()
$$
DELIMITER ;

-- --------------------------------------------------------

--
-- Estructura de tabla para la tabla `zonas`
--

DROP TABLE IF EXISTS `zonas`;
CREATE TABLE `zonas` (
  `id_zona` int(11) NOT NULL,
  `nombre` varchar(150) NOT NULL,
  `descripcion` varchar(250) NOT NULL
) ENGINE=InnoDB DEFAULT CHARSET=latin1;

--
-- Volcado de datos para la tabla `zonas`
--

INSERT INTO `zonas` (`id_zona`, `nombre`, `descripcion`) VALUES
(1, 'COMPLEMENTARIOS', 'COMPLEMENTARIOS'),
(2, 'Depliaciones', 'Depilaciones'),
(3, 'LPG Endermologie', 'LPG Endermologie'),
(4, 'Medicos', 'Medicos'),
(5, 'Premium', 'Premium'),
(6, 'Premium Medicos', 'Premium Medicos'),
(7, 'Profesionales', 'Profesionales');

--
-- Índices para tablas volcadas
--

--
-- Indices de la tabla `almacen`
--
ALTER TABLE `almacen`
  ADD PRIMARY KEY (`id_almacen`);

--
-- Indices de la tabla `almacen2`
--
ALTER TABLE `almacen2`
  ADD PRIMARY KEY (`id_almacen`),
  ADD UNIQUE KEY `id_producto` (`id_producto`);

--
-- Indices de la tabla `citas`
--
ALTER TABLE `citas`
  ADD PRIMARY KEY (`id_cita`);

--
-- Indices de la tabla `clientes`
--
ALTER TABLE `clientes`
  ADD PRIMARY KEY (`id_cliente`);

--
-- Indices de la tabla `clientes_2`
--
ALTER TABLE `clientes_2`
  ADD PRIMARY KEY (`id_cliente`);

--
-- Indices de la tabla `desc_ticket`
--
ALTER TABLE `desc_ticket`
  ADD PRIMARY KEY (`id_desc`),
  ADD KEY `id_ticket` (`id_ticket`);

--
-- Indices de la tabla `habitaciones`
--
ALTER TABLE `habitaciones`
  ADD PRIMARY KEY (`id_habitacion`);

--
-- Indices de la tabla `paquetes`
--
ALTER TABLE `paquetes`
  ADD PRIMARY KEY (`id_paquete`);

--
-- Indices de la tabla `persinal`
--
ALTER TABLE `persinal`
  ADD PRIMARY KEY (`id_masajista`);

--
-- Indices de la tabla `personal`
--
ALTER TABLE `personal`
  ADD PRIMARY KEY (`id_personal`);

--
-- Indices de la tabla `product`
--
ALTER TABLE `product`
  ADD PRIMARY KEY (`id_producto`),
  ADD KEY `id_proveedor` (`id_proveedor`);

--
-- Indices de la tabla `productos`
--
ALTER TABLE `productos`
  ADD PRIMARY KEY (`id_producto`);

--
-- Indices de la tabla `promociones`
--
ALTER TABLE `promociones`
  ADD PRIMARY KEY (`id_promocion`);

--
-- Indices de la tabla `prove`
--
ALTER TABLE `prove`
  ADD PRIMARY KEY (`id_proveedor`);

--
-- Indices de la tabla `prove2`
--
ALTER TABLE `prove2`
  ADD PRIMARY KEY (`id_proveedor`);

--
-- Indices de la tabla `servic`
--
ALTER TABLE `servic`
  ADD PRIMARY KEY (`id_servicio`);

--
-- Indices de la tabla `servicios`
--
ALTER TABLE `servicios`
  ADD PRIMARY KEY (`id_servicio`);

--
-- Indices de la tabla `servicios_cita`
--
ALTER TABLE `servicios_cita`
  ADD PRIMARY KEY (`id_servicio_cita`);

--
-- Indices de la tabla `ticket`
--
ALTER TABLE `ticket`
  ADD PRIMARY KEY (`id_ticket`);

--
-- Indices de la tabla `usuarios`
--
ALTER TABLE `usuarios`
  ADD PRIMARY KEY (`id_usuario`);

--
-- Indices de la tabla `zonas`
--
ALTER TABLE `zonas`
  ADD PRIMARY KEY (`id_zona`);

--
-- AUTO_INCREMENT de las tablas volcadas
--

--
-- AUTO_INCREMENT de la tabla `almacen`
--
ALTER TABLE `almacen`
  MODIFY `id_almacen` int(11) NOT NULL AUTO_INCREMENT, AUTO_INCREMENT=43;

--
-- AUTO_INCREMENT de la tabla `almacen2`
--
ALTER TABLE `almacen2`
  MODIFY `id_almacen` int(11) NOT NULL AUTO_INCREMENT, AUTO_INCREMENT=2;

--
-- AUTO_INCREMENT de la tabla `citas`
--
ALTER TABLE `citas`
  MODIFY `id_cita` int(11) NOT NULL AUTO_INCREMENT, AUTO_INCREMENT=24;

--
-- AUTO_INCREMENT de la tabla `clientes`
--
ALTER TABLE `clientes`
  MODIFY `id_cliente` int(11) UNSIGNED ZEROFILL NOT NULL AUTO_INCREMENT, AUTO_INCREMENT=338;

--
-- AUTO_INCREMENT de la tabla `clientes_2`
--
ALTER TABLE `clientes_2`
  MODIFY `id_cliente` int(11) UNSIGNED ZEROFILL NOT NULL AUTO_INCREMENT, AUTO_INCREMENT=3;

--
-- AUTO_INCREMENT de la tabla `desc_ticket`
--
ALTER TABLE `desc_ticket`
  MODIFY `id_desc` int(11) NOT NULL AUTO_INCREMENT;

--
-- AUTO_INCREMENT de la tabla `habitaciones`
--
ALTER TABLE `habitaciones`
  MODIFY `id_habitacion` int(11) NOT NULL AUTO_INCREMENT, AUTO_INCREMENT=6;

--
-- AUTO_INCREMENT de la tabla `paquetes`
--
ALTER TABLE `paquetes`
  MODIFY `id_paquete` int(11) NOT NULL AUTO_INCREMENT, AUTO_INCREMENT=3;

--
-- AUTO_INCREMENT de la tabla `persinal`
--
ALTER TABLE `persinal`
  MODIFY `id_masajista` int(11) NOT NULL AUTO_INCREMENT;

--
-- AUTO_INCREMENT de la tabla `personal`
--
ALTER TABLE `personal`
  MODIFY `id_personal` int(11) NOT NULL AUTO_INCREMENT, AUTO_INCREMENT=24;

--
-- AUTO_INCREMENT de la tabla `product`
--
ALTER TABLE `product`
  MODIFY `id_producto` int(11) NOT NULL AUTO_INCREMENT, AUTO_INCREMENT=3;

--
-- AUTO_INCREMENT de la tabla `productos`
--
ALTER TABLE `productos`
  MODIFY `id_producto` int(11) NOT NULL AUTO_INCREMENT, AUTO_INCREMENT=43;

--
-- AUTO_INCREMENT de la tabla `promociones`
--
ALTER TABLE `promociones`
  MODIFY `id_promocion` int(11) NOT NULL AUTO_INCREMENT;

--
-- AUTO_INCREMENT de la tabla `prove`
--
ALTER TABLE `prove`
  MODIFY `id_proveedor` int(11) NOT NULL AUTO_INCREMENT, AUTO_INCREMENT=11;

--
-- AUTO_INCREMENT de la tabla `prove2`
--
ALTER TABLE `prove2`
  MODIFY `id_proveedor` int(11) NOT NULL AUTO_INCREMENT, AUTO_INCREMENT=2;

--
-- AUTO_INCREMENT de la tabla `servic`
--
ALTER TABLE `servic`
  MODIFY `id_servicio` int(11) NOT NULL AUTO_INCREMENT, AUTO_INCREMENT=2;

--
-- AUTO_INCREMENT de la tabla `servicios`
--
ALTER TABLE `servicios`
  MODIFY `id_servicio` int(11) NOT NULL AUTO_INCREMENT, AUTO_INCREMENT=50;

--
-- AUTO_INCREMENT de la tabla `servicios_cita`
--
ALTER TABLE `servicios_cita`
  MODIFY `id_servicio_cita` int(11) NOT NULL AUTO_INCREMENT, AUTO_INCREMENT=41;

--
-- AUTO_INCREMENT de la tabla `ticket`
--
ALTER TABLE `ticket`
  MODIFY `id_ticket` int(11) NOT NULL AUTO_INCREMENT, AUTO_INCREMENT=25;

--
-- AUTO_INCREMENT de la tabla `usuarios`
--
ALTER TABLE `usuarios`
  MODIFY `id_usuario` int(11) NOT NULL AUTO_INCREMENT, AUTO_INCREMENT=5;

--
-- AUTO_INCREMENT de la tabla `zonas`
--
ALTER TABLE `zonas`
  MODIFY `id_zona` int(11) NOT NULL AUTO_INCREMENT, AUTO_INCREMENT=8;
COMMIT;

/*!40101 SET CHARACTER_SET_CLIENT=@OLD_CHARACTER_SET_CLIENT */;
/*!40101 SET CHARACTER_SET_RESULTS=@OLD_CHARACTER_SET_RESULTS */;
/*!40101 SET COLLATION_CONNECTION=@OLD_COLLATION_CONNECTION */;
